t_hour,day,hour,temp_C,rh_pct,soil_pct,co2_ppm
0,1,0,25.5,78.0,42.0,620.0
1,1,1,26.02,75.82,42.33,587.7
2,1,2,27.47,72.04,42.97,528.9
3,1,3,28.79,71.77,42.12,518.9
4,1,4,28.37,67.57,43.18,498.2
5,1,5,28.25,61.9,43.85,485.6
6,1,6,28.68,67.63,45.45,496.7
7,1,7,28.57,65.9,46.9,519.0
8,1,8,28.34,65.55,49.66,530.2
9,1,9,27.42,67.82,48.94,546.3
10,1,10,27.23,71.23,46.24,621.7
11,1,11,26.73,73.77,48.02,672.1
12,1,12,25.71,77.82,50.03,712.2
13,1,13,25.22,81.79,53.52,733.5
14,1,14,24.36,86.13,56.13,725.8
15,1,15,22.96,82.29,59.76,772.8
16,1,16,22.48,91.29,60.28,786.2
17,1,17,21.54,92.53,59.8,775.3
18,1,18,21.89,95.01,55.92,768.4
19,1,19,21.96,90.36,55.56,736.9
20,1,20,22.23,87.95,53.25,752.3
21,1,21,22.52,84.17,52.42,747.1
22,1,22,24.03,86.27,51.11,721.6
23,1,23,24.85,81.08,50.56,686.5
24,2,0,25.63,79.85,48.75,634.3
25,2,1,,74.09,49.1,549.1
26,2,2,27.78,69.42,42.07,492.1
27,2,3,28.78,66.01,41.61,460.2
28,2,4,29.57,67.96,43.34,431.5
29,2,5,30.11,60.77,46.4,440.8
30,2,6,31.22,56.98,47.12,468.0
31,2,7,30.58,52.71,49.93,475.2
32,2,8,29.73,52.6,,528.2
33,2,9,28.59,54.4,49.46,527.5
34,2,10,28.07,54.59,50.56,
35,2,11,27.61,58.3,,582.3
36,2,12,26.35,58.42,49.44,643.4
37,2,13,24.78,62.0,48.95,675.3
38,2,14,23.4,72.01,47.35,705.7
39,2,15,,78.36,49.16,687.2
40,2,16,22.71,82.96,49.65,688.3
41,2,17,22.51,82.85,49.19,734.9
42,2,18,21.93,80.35,48.13,689.2
43,2,19,22.16,78.38,49.07,728.3
44,2,20,22.58,78.91,50.2,731.9
45,2,21,23.28,81.04,47.12,
46,2,22,24.49,82.03,43.78,
47,2,23,25.44,81.2,45.05,677.6
48,3,0,26.69,75.68,41.37,680.0
49,3,1,27.59,72.65,41.81,639.2
50,3,2,28.56,68.75,44.31,608.3
51,3,3,29.57,65.77,46.61,562.3
52,3,4,29.3,70.22,47.03,544.9
53,3,5,29.55,63.34,47.53,514.1
54,3,6,29.49,62.69,51.3,508.9
55,3,7,29.12,67.42,45.78,559.4
56,3,8,28.71,64.61,44.83,563.2
57,3,9,28.95,65.68,46.89,551.5
58,3,10,27.65,67.98,46.63,
59,3,11,27.22,71.81,49.77,579.6
60,3,12,25.29,71.78,50.21,595.7
61,3,13,24.22,78.79,51.06,639.2
62,3,14,23.47,85.39,51.05,632.2
63,3,15,23.03,90.65,50.51,684.2
64,3,16,22.77,90.8,49.87,682.6
65,3,17,22.71,93.21,50.76,704.8
66,3,18,22.28,91.58,,707.9
67,3,19,22.12,90.89,51.1,754.5
68,3,20,22.95,96.7,51.89,746.9
69,3,21,23.4,94.58,53.22,776.0
70,3,22,23.54,87.86,49.71,757.5
71,3,23,24.03,85.18,45.2,755.6
72,4,0,24.79,77.54,44.36,706.7
73,4,1,26.32,70.81,49.32,674.4
74,4,2,27.5,65.17,50.48,666.2
75,4,3,28.78,62.08,47.94,651.2
76,4,4,29.22,63.86,47.72,631.2
77,4,5,29.75,64.96,48.3,597.0
78,4,6,30.23,66.58,44.86,578.3
79,4,7,29.9,64.1,47.51,602.4
80,4,8,29.73,64.65,47.1,636.6
81,4,9,28.72,68.65,47.16,626.1
82,4,10,27.75,70.49,47.71,622.2
83,4,11,26.65,74.04,50.67,622.6
84,4,12,25.11,80.03,49.7,672.9
85,4,13,24.51,83.41,47.04,676.3
86,4,14,23.42,88.32,48.73,725.4
87,4,15,22.73,96.66,45.49,760.7
88,4,16,22.44,98.37,45.96,761.4
89,4,17,22.3,100.0,49.18,810.5
90,4,18,22.49,100.0,50.65,770.5
91,4,19,22.5,99.52,52.64,807.0
92,4,20,22.64,94.7,53.32,796.1
93,4,21,23.24,90.22,57.24,718.1
94,4,22,23.23,85.2,54.51,734.9
95,4,23,23.65,82.21,53.82,725.9
96,5,0,24.32,80.99,51.36,676.7
97,5,1,,81.39,51.84,617.0
98,5,2,26.78,78.7,50.2,548.5
99,5,3,27.43,,52.33,589.7
100,5,4,28.19,65.6,49.87,
101,5,5,29.52,65.14,51.7,499.7
102,5,6,,65.42,51.95,507.1
103,5,7,29.93,67.1,51.18,473.2
104,5,8,29.09,75.4,51.93,469.4
105,5,9,28.46,81.18,52.31,524.5
106,5,10,27.27,85.92,53.11,566.7
107,5,11,26.32,85.74,52.92,589.2
108,5,12,25.89,87.63,51.94,624.9
109,5,13,24.05,91.02,51.89,648.5
110,5,14,23.53,92.17,49.19,680.5
111,5,15,22.96,96.94,51.77,690.6
112,5,16,22.11,100.0,49.84,701.6
113,5,17,21.12,98.45,49.96,706.1
114,5,18,21.27,100.0,51.59,700.9
115,5,19,21.33,100.0,53.17,733.2
116,5,20,22.05,95.54,49.1,745.4
117,5,21,22.85,93.45,48.53,704.3
118,5,22,24.59,91.61,48.87,654.1
119,5,23,25.37,91.19,48.14,629.7
120,6,0,25.86,86.19,49.9,660.3
121,6,1,27.07,84.83,47.06,602.1
122,6,2,28.19,81.52,42.02,571.8
123,6,3,29.71,74.18,43.24,552.0
124,6,4,30.64,67.78,41.76,532.4
125,6,5,31.04,70.36,38.16,511.2
126,6,6,31.73,73.66,38.35,539.7
127,6,7,30.71,74.92,41.56,553.9
128,6,8,29.88,80.6,39.74,584.4
129,6,9,28.76,85.35,45.58,612.7
130,6,10,27.81,89.42,44.74,653.1
131,6,11,26.25,89.11,46.07,712.6
132,6,12,25.75,97.47,44.82,763.2
133,6,13,24.72,100.0,46.32,835.8
134,6,14,23.13,100.0,47.35,872.4
135,6,15,22.03,100.0,45.54,856.6
136,6,16,21.84,100.0,52.43,879.1
137,6,17,22.07,100.0,51.82,890.6
138,6,18,23.01,100.0,51.05,924.5
139,6,19,24.47,100.0,53.03,
140,6,20,24.68,100.0,56.23,860.0
141,6,21,24.46,96.31,57.46,808.5
142,6,22,24.03,92.62,53.66,786.1
143,6,23,25.19,87.01,52.85,741.0
144,7,0,25.85,83.17,47.77,713.6
145,7,1,26.78,85.48,48.66,638.4
146,7,2,27.56,85.81,44.35,627.0
147,7,3,28.48,83.08,42.19,602.5
148,7,4,29.79,79.9,41.95,582.4
149,7,5,30.28,80.31,42.81,614.4
150,7,6,30.33,82.34,42.4,589.5
151,7,7,29.68,79.22,45.85,594.0
152,7,8,28.56,79.77,47.64,600.3
153,7,9,27.94,76.1,,617.1
154,7,10,27.34,82.72,47.45,690.5
155,7,11,27.47,92.25,51.79,706.9
156,7,12,26.49,95.39,50.87,711.4
157,7,13,25.93,92.01,55.22,781.0
158,7,14,24.6,97.44,59.74,788.1
159,7,15,23.14,97.6,60.76,762.1
160,7,16,22.11,98.13,62.6,759.5
161,7,17,21.51,100.0,55.86,740.5
162,7,18,22.65,100.0,55.35,704.4
163,7,19,22.33,100.0,57.22,702.1
164,7,20,23.19,97.97,58.28,698.9
165,7,21,23.33,96.35,54.67,718.7
166,7,22,24.67,92.31,53.02,713.0
167,7,23,25.78,85.78,46.83,699.3
168,8,0,26.66,81.67,46.99,644.3
169,8,1,27.63,79.61,42.45,637.3
170,8,2,28.23,76.04,44.35,641.5
171,8,3,29.33,69.27,46.21,619.9
172,8,4,29.72,70.88,44.68,604.3
173,8,5,29.55,61.71,45.47,553.2
174,8,6,29.19,61.33,44.93,573.7
175,8,7,29.39,61.44,45.62,617.0
176,8,8,29.97,64.89,43.75,625.8
177,8,9,29.4,70.24,45.88,619.3
178,8,10,28.49,77.65,43.52,633.2
179,8,11,27.66,79.54,41.25,646.4
180,8,12,27.24,85.8,42.78,665.6
181,8,13,26.16,90.61,,711.8
182,8,14,24.84,89.32,46.27,744.4
183,8,15,24.49,98.95,46.35,790.4
184,8,16,23.9,97.05,51.38,811.7
185,8,17,24.09,100.0,52.29,794.8
186,8,18,23.75,100.0,53.03,783.3
187,8,19,23.01,100.0,53.37,764.5
188,8,20,22.65,99.92,55.01,749.4
189,8,21,24.18,100.0,55.36,777.2
190,8,22,25.76,92.35,55.14,796.2
191,8,23,26.38,89.01,55.32,776.6
192,9,0,27.04,83.87,50.2,735.6
193,9,1,28.69,78.55,45.56,659.0
194,9,2,28.87,76.99,44.77,631.0
195,9,3,29.17,77.64,43.86,581.6
196,9,4,30.16,74.3,44.71,602.3
197,9,5,30.32,75.33,44.52,543.1
198,9,6,30.46,74.86,45.71,548.7
199,9,7,30.24,72.57,43.37,529.5
200,9,8,30.03,73.52,44.02,543.4
201,9,9,30.09,75.29,42.22,581.0
202,9,10,29.15,76.67,44.32,630.5
203,9,11,28.37,82.15,41.89,653.3
204,9,12,26.14,87.08,44.33,699.7
205,9,13,25.15,86.42,42.99,708.2
206,9,14,23.83,85.85,43.99,740.6
207,9,15,22.52,91.51,47.41,787.4
208,9,16,21.68,92.41,49.04,808.4
209,9,17,21.38,95.96,46.59,800.5
210,9,18,21.95,99.72,46.11,793.9
211,9,19,21.54,95.91,43.76,813.1
212,9,20,22.17,91.08,40.98,768.2
213,9,21,22.74,95.03,41.83,724.9
214,9,22,23.59,93.53,43.22,718.1
215,9,23,25.24,89.01,44.02,678.4
216,10,0,26.59,82.79,44.89,612.9
217,10,1,28.27,78.13,44.35,622.7
218,10,2,29.01,71.78,43.3,567.2
219,10,3,29.39,72.49,40.8,
220,10,4,29.9,68.49,39.92,512.7
221,10,5,30.44,71.17,37.54,499.8
222,10,6,30.65,69.86,36.57,480.2
223,10,7,29.94,67.74,37.83,511.1
224,10,8,29.67,68.78,38.83,530.8
225,10,9,29.21,64.16,46.37,578.3
226,10,10,29.66,68.61,44.58,587.4
227,10,11,29.4,73.26,45.64,
228,10,12,27.57,81.04,44.16,648.6
229,10,13,26.17,80.22,45.0,641.8
230,10,14,24.34,88.84,45.88,721.9
231,10,15,23.25,95.33,49.01,758.3
232,10,16,22.85,100.0,49.12,783.9
233,10,17,23.09,100.0,49.57,803.7
234,10,18,22.5,100.0,49.27,817.9
235,10,19,22.31,100.0,46.81,815.6
236,10,20,21.7,100.0,45.8,773.5
237,10,21,22.52,97.71,45.17,773.4
238,10,22,23.05,89.87,45.25,760.7
239,10,23,24.04,83.67,46.07,761.4
240,11,0,24.92,80.9,45.05,763.8
241,11,1,26.22,75.5,44.0,725.4
242,11,2,26.57,74.16,40.08,651.3
243,11,3,27.05,66.49,41.12,663.0
244,11,4,29.2,59.14,39.68,605.2
245,11,5,29.11,63.77,,594.2
246,11,6,28.95,67.24,44.41,576.1
247,11,7,30.04,65.39,44.31,564.0
248,11,8,31.15,67.95,42.83,592.0
249,11,9,29.69,74.34,43.79,611.7
250,11,10,28.6,79.17,45.64,643.8
251,11,11,27.78,83.48,46.19,645.7
252,11,12,27.56,90.82,46.36,669.7
253,11,13,25.82,92.26,48.86,680.0
254,11,14,24.65,96.01,51.02,705.5
255,11,15,24.18,99.09,51.23,729.4
256,11,16,23.65,100.0,48.69,796.7
257,11,17,22.94,100.0,50.46,797.1
258,11,18,22.67,100.0,49.37,744.7
259,11,19,22.08,100.0,50.1,780.6
260,11,20,22.46,97.38,50.35,779.0
261,11,21,23.07,97.9,46.21,754.2
262,11,22,24.13,92.02,46.18,716.8
263,11,23,24.89,88.23,46.79,664.4
264,12,0,26.26,83.97,47.42,685.6
265,12,1,27.85,,46.84,651.7
266,12,2,28.82,72.08,42.09,575.6
267,12,3,29.75,72.71,44.36,562.4
268,12,4,30.32,68.91,44.79,575.1
269,12,5,30.64,71.85,42.11,563.8
270,12,6,30.35,70.15,40.75,533.9
271,12,7,30.39,70.9,41.83,513.8
272,12,8,29.93,78.49,43.97,507.1
273,12,9,30.33,79.66,43.83,571.2
274,12,10,30.08,86.25,46.59,594.5
275,12,11,28.98,89.32,44.05,581.9
276,12,12,27.26,93.85,43.43,629.2
277,12,13,25.5,97.27,40.94,668.0
278,12,14,25.11,100.0,41.05,688.7
279,12,15,24.28,100.0,45.93,692.3
280,12,16,23.75,100.0,51.3,692.2
281,12,17,22.32,100.0,52.31,741.6
282,12,18,22.69,100.0,51.26,756.6
283,12,19,23.0,100.0,50.88,767.4
284,12,20,22.76,100.0,51.64,762.3
285,12,21,23.2,100.0,47.99,751.1
286,12,22,24.23,96.81,46.41,713.1
287,12,23,25.26,90.82,48.79,679.4
288,13,0,26.17,82.73,45.8,678.6
289,13,1,27.2,85.55,43.6,679.5
290,13,2,28.09,82.65,43.11,611.8
291,13,3,29.05,80.7,43.24,579.3
292,13,4,30.46,73.86,41.65,579.9
293,13,5,29.45,72.46,41.79,610.7
294,13,6,29.63,73.56,43.2,640.5
295,13,7,,73.2,47.44,608.9
296,13,8,29.58,77.91,47.34,642.3
297,13,9,28.81,86.82,47.71,649.1
298,13,10,27.18,85.89,51.42,688.2
299,13,11,26.62,85.73,50.83,722.8
300,13,12,26.61,86.72,48.91,707.3
301,13,13,24.75,95.5,50.43,744.2
302,13,14,24.34,100.0,53.48,789.4
303,13,15,23.35,100.0,54.76,802.5
304,13,16,22.72,100.0,54.87,805.8
305,13,17,21.82,100.0,52.1,771.3
306,13,18,21.65,100.0,,792.2
307,13,19,22.58,100.0,54.53,790.5
308,13,20,23.25,100.0,51.45,752.3
309,13,21,24.67,100.0,50.38,725.8
310,13,22,25.86,97.03,48.87,706.6
311,13,23,26.73,92.4,46.67,664.6
312,14,0,28.35,88.35,46.41,636.5
313,14,1,29.2,86.68,46.46,564.1
314,14,2,30.21,87.55,46.45,577.4
315,14,3,30.51,85.21,43.65,555.2
316,14,4,30.9,84.14,39.91,510.4
317,14,5,30.73,80.79,40.52,442.6
318,14,6,31.24,77.12,39.76,478.2
319,14,7,30.33,78.93,44.01,
320,14,8,30.29,80.11,48.21,526.2
321,14,9,29.45,77.44,52.47,570.0
322,14,10,29.14,79.37,50.7,615.8
323,14,11,28.38,82.68,52.34,645.8
324,14,12,28.04,85.0,54.58,666.6
325,14,13,27.01,93.48,56.47,684.8
326,14,14,24.91,98.14,55.97,723.7
327,14,15,23.91,100.0,58.75,781.5
328,14,16,22.59,100.0,58.58,791.0
329,14,17,21.97,100.0,58.51,834.3
330,14,18,22.68,100.0,54.88,837.3
331,14,19,23.04,100.0,55.72,832.6
332,14,20,22.96,,54.39,870.6
333,14,21,23.05,95.03,54.36,875.2
334,14,22,23.96,90.47,53.61,871.1
335,14,23,24.37,86.22,,797.8
336,15,0,25.23,83.99,51.08,803.8
337,15,1,26.62,81.69,51.26,747.3
338,15,2,28.29,76.33,49.41,693.1
339,15,3,29.4,74.84,45.28,598.5
340,15,4,28.82,71.91,45.71,582.2
341,15,5,29.54,61.87,43.51,537.3
342,15,6,29.81,60.99,40.72,542.5
343,15,7,29.96,,39.06,515.3
344,15,8,30.38,62.9,40.46,574.5
345,15,9,28.57,66.74,41.23,602.6
346,15,10,27.53,75.54,38.1,678.3
347,15,11,26.99,77.13,39.0,667.8
348,15,12,25.2,81.5,43.07,729.7
349,15,13,25.09,81.89,,703.1
350,15,14,24.32,91.22,44.67,733.3
351,15,15,,94.21,48.01,738.1
352,15,16,22.84,96.88,50.41,744.8
353,15,17,22.81,100.0,,744.4
354,15,18,23.1,100.0,47.21,728.1
355,15,19,23.16,100.0,50.9,698.0
356,15,20,23.49,97.23,51.74,684.2
357,15,21,24.09,96.37,55.86,677.6
358,15,22,24.33,91.23,52.83,689.5
359,15,23,25.17,81.34,47.91,670.1
360,16,0,26.11,78.12,46.86,668.8
361,16,1,27.33,70.53,45.23,597.0
362,16,2,28.75,72.94,45.59,559.4
363,16,3,28.92,70.8,46.79,555.8
364,16,4,29.49,,45.65,545.6
365,16,5,30.63,63.03,44.49,511.0
366,16,6,30.26,57.62,45.19,532.5
367,16,7,29.67,56.18,44.51,521.7
368,16,8,29.42,62.31,44.01,514.8
369,16,9,29.22,72.4,46.58,549.5
370,16,10,28.33,77.77,49.6,575.5
371,16,11,27.97,80.91,52.17,592.1
372,16,12,27.18,83.35,52.14,611.9
373,16,13,26.33,84.38,48.28,620.5
374,16,14,25.37,94.53,48.81,647.1
375,16,15,25.44,96.63,48.02,707.4
376,16,16,24.24,100.0,48.45,735.1
377,16,17,22.5,100.0,47.58,772.3
378,16,18,23.09,100.0,47.87,786.7
379,16,19,22.78,100.0,45.83,763.1
380,16,20,23.1,96.49,43.23,
381,16,21,24.27,93.8,45.62,671.5
382,16,22,24.07,90.48,43.12,637.6
383,16,23,24.39,95.83,42.58,598.9
384,17,0,24.73,87.61,43.84,602.9
385,17,1,25.61,83.83,44.78,601.3
386,17,2,27.07,81.45,45.35,628.4
387,17,3,28.33,77.57,44.92,576.7
388,17,4,29.19,74.83,45.47,593.8
389,17,5,28.92,69.55,47.44,612.4
390,17,6,,69.15,47.53,588.7
391,17,7,28.33,70.97,43.34,593.7
392,17,8,27.98,73.06,42.46,625.6
393,17,9,27.85,76.68,44.38,629.1
394,17,10,27.55,83.4,43.72,638.7
395,17,11,26.72,88.76,47.84,642.4
396,17,12,26.1,91.56,48.34,608.6
397,17,13,25.14,90.76,49.18,645.3
398,17,14,24.37,91.97,52.04,659.5
399,17,15,23.09,94.08,51.96,
400,17,16,22.35,97.0,52.49,700.6
401,17,17,22.06,96.77,54.24,681.8
402,17,18,22.31,94.38,50.84,716.1
403,17,19,22.16,90.55,49.89,729.6
404,17,20,22.78,84.73,50.98,710.5
405,17,21,23.2,82.78,50.15,693.7
406,17,22,23.92,76.35,51.95,642.6
407,17,23,25.28,71.2,47.25,639.8
408,18,0,25.21,67.79,42.63,616.8
409,18,1,25.72,61.48,43.28,594.5
410,18,2,26.16,60.86,44.02,578.9
411,18,3,26.15,61.47,42.6,536.7
412,18,4,26.93,58.48,42.61,481.0
413,18,5,28.17,56.78,43.48,499.8
414,18,6,28.45,59.0,41.36,515.0
415,18,7,28.67,58.15,39.92,504.9
416,18,8,29.01,58.24,40.69,528.4
417,18,9,29.07,65.31,43.09,578.5
418,18,10,28.11,71.6,,626.6
419,18,11,27.74,77.16,41.94,632.7
420,18,12,26.56,83.71,,621.2
421,18,13,,81.23,,620.4
422,18,14,23.62,89.23,45.44,647.3
423,18,15,22.07,93.29,45.16,714.7
424,18,16,21.15,98.37,48.39,715.2
425,18,17,20.78,100.0,47.54,714.6
426,18,18,21.25,100.0,47.04,707.5
427,18,19,22.33,98.27,43.72,696.0
428,18,20,21.94,97.36,42.22,690.6
429,18,21,22.82,93.46,43.04,645.4
430,18,22,23.13,92.54,43.12,657.4
431,18,23,24.43,83.48,43.53,629.0
432,19,0,25.44,77.93,43.63,664.0
433,19,1,25.6,80.34,46.69,597.7
434,19,2,27.24,74.23,43.73,607.9
435,19,3,27.84,70.08,39.35,611.3
436,19,4,28.33,64.84,36.66,571.1
437,19,5,,64.48,35.09,541.5
438,19,6,28.37,61.74,33.36,509.3
439,19,7,28.69,61.93,34.19,489.7
440,19,8,28.35,66.25,37.53,504.3
441,19,9,28.02,66.46,41.38,526.0
442,19,10,27.45,72.1,43.02,512.5
443,19,11,27.16,78.05,47.99,606.2
444,19,12,25.84,84.66,47.63,628.5
445,19,13,24.01,88.2,44.85,660.1
446,19,14,23.68,100.0,47.74,672.2
447,19,15,22.66,100.0,44.52,691.7
448,19,16,22.59,,43.67,703.9
449,19,17,22.27,100.0,45.28,718.9
450,19,18,21.95,100.0,45.25,725.2
451,19,19,22.17,100.0,44.79,743.4
452,19,20,23.44,100.0,42.11,735.9
453,19,21,24.83,100.0,41.75,732.5
454,19,22,25.26,,43.2,703.1
455,19,23,25.95,94.53,42.31,676.3
456,20,0,27.22,,39.64,635.2
457,20,1,27.48,81.34,36.29,626.7
458,20,2,28.41,72.31,34.11,599.8
459,20,3,29.04,69.61,34.59,564.7
460,20,4,29.68,68.42,35.03,536.1
461,20,5,29.51,69.11,33.3,517.9
462,20,6,28.8,69.3,29.14,512.0
463,20,7,27.76,70.52,30.92,512.4
464,20,8,,68.08,30.15,508.6
465,20,9,26.59,69.64,32.9,547.3
466,20,10,25.94,67.79,32.74,590.4
467,20,11,26.24,65.56,32.35,658.7
468,20,12,25.79,72.52,34.43,
469,20,13,,74.61,40.82,703.9
470,20,14,23.43,81.53,43.38,676.4
471,20,15,22.39,,44.41,721.6
472,20,16,21.64,88.59,45.67,700.9
473,20,17,21.38,91.93,42.4,690.8
474,20,18,21.58,90.29,40.49,709.0
475,20,19,21.5,84.33,35.73,693.0
476,20,20,22.42,83.93,39.65,667.4
477,20,21,22.38,80.73,42.48,643.6
478,20,22,23.23,76.98,42.5,645.0
479,20,23,25.51,80.04,41.78,596.8
480,21,0,26.41,71.52,37.59,571.3
481,21,1,27.94,69.27,36.37,
482,21,2,28.63,62.95,39.26,534.9
483,21,3,29.48,63.16,38.57,533.7
484,21,4,29.81,61.86,36.66,467.6
485,21,5,29.91,61.55,32.73,
486,21,6,29.5,58.11,35.68,469.2
487,21,7,29.53,56.56,35.69,482.3
488,21,8,28.62,61.32,32.6,472.6
489,21,9,28.34,69.1,31.75,505.9
490,21,10,28.0,73.07,30.53,597.3
491,21,11,27.07,73.31,31.94,622.1
492,21,12,25.73,77.91,34.05,635.0
493,21,13,24.82,88.69,34.62,656.3
494,21,14,23.57,91.39,37.73,645.9
495,21,15,23.14,97.76,39.08,710.3
496,21,16,21.43,96.4,42.15,734.5
497,21,17,20.93,96.7,41.9,716.8
498,21,18,19.87,98.12,48.24,696.4
499,21,19,19.52,97.74,46.47,697.3
500,21,20,20.96,92.85,43.92,712.4
501,21,21,22.19,87.35,41.09,664.2
502,21,22,22.69,86.88,39.92,671.2
503,21,23,23.0,86.19,35.62,639.1
504,22,0,22.77,85.84,35.61,584.4
505,22,1,24.01,85.93,31.09,544.8
506,22,2,26.62,80.79,31.12,564.0
507,22,3,27.77,74.99,,501.5
508,22,4,28.16,75.23,27.53,466.9
509,22,5,28.88,74.11,29.11,483.7
510,22,6,28.25,68.84,34.15,485.7
511,22,7,28.14,64.99,32.17,469.7
512,22,8,27.95,67.23,32.52,508.5
513,22,9,27.39,68.25,31.96,551.5
514,22,10,27.07,70.6,31.41,579.6
515,22,11,26.28,76.84,31.44,587.7
516,22,12,25.54,82.08,34.71,604.9
517,22,13,24.07,88.86,35.13,642.7
518,22,14,23.54,85.24,41.0,637.4
519,22,15,23.43,88.52,42.58,699.1
520,22,16,22.07,92.38,41.04,758.7
521,22,17,21.13,,40.75,756.8
522,22,18,21.67,86.88,39.4,763.8
523,22,19,21.58,,41.13,782.9
524,22,20,22.6,82.87,37.52,809.8
525,22,21,22.8,85.68,34.58,813.9
526,22,22,24.24,88.33,33.18,726.3
527,22,23,25.02,81.25,34.24,679.5
528,23,0,25.97,78.33,36.13,653.6
529,23,1,27.59,75.39,38.01,602.1
530,23,2,28.06,72.08,37.97,612.6
531,23,3,28.21,69.27,36.74,617.4
532,23,4,28.54,66.86,37.49,562.4
533,23,5,29.14,69.47,34.46,536.2
534,23,6,28.43,70.82,30.55,505.3
535,23,7,28.72,66.47,31.85,500.4
536,23,8,28.07,69.25,30.4,503.9
537,23,9,28.08,73.05,31.26,545.3
538,23,10,25.99,75.66,32.65,543.0
539,23,11,24.82,81.28,34.37,505.6
540,23,12,23.17,84.09,37.46,505.6
541,23,13,22.07,87.06,40.13,524.6
542,23,14,21.59,89.63,41.29,552.6
543,23,15,20.94,85.38,41.01,597.6
544,23,16,20.41,87.11,41.75,602.2
545,23,17,20.13,86.25,40.82,598.5
546,23,18,20.28,83.13,40.57,596.3
547,23,19,20.03,87.28,45.7,
548,23,20,20.98,87.08,45.17,575.6
549,23,21,22.04,84.23,44.94,560.1
550,23,22,23.06,79.11,42.17,570.4
551,23,23,24.26,76.29,42.9,529.3
552,24,0,25.36,75.19,42.87,503.7
553,24,1,27.31,68.29,,472.6
554,24,2,27.95,64.48,41.5,477.4
555,24,3,28.4,63.82,42.04,457.1
556,24,4,28.52,55.16,43.12,472.0
557,24,5,28.36,53.78,42.27,433.8
558,24,6,27.94,52.24,40.94,434.9
559,24,7,27.54,52.73,42.01,430.3
560,24,8,27.33,53.1,39.65,418.6
561,24,9,27.05,56.4,38.17,446.5
562,24,10,26.37,65.67,38.43,523.8
563,24,11,25.11,67.96,35.49,532.6
564,24,12,24.67,72.51,38.15,564.7
565,24,13,24.03,82.09,37.06,567.0
566,24,14,22.93,83.07,37.09,567.8
567,24,15,21.75,,37.6,585.4
568,24,16,21.43,92.1,38.44,606.8
569,24,17,21.1,97.84,38.26,621.9
570,24,18,20.2,98.98,38.42,633.0
571,24,19,20.42,97.68,38.32,599.3
572,24,20,21.04,94.37,37.17,587.7
573,24,21,21.28,88.71,35.21,597.1
574,24,22,22.33,84.82,36.89,549.9
575,24,23,22.65,82.96,31.81,527.1
576,25,0,24.57,77.89,30.86,517.4
577,25,1,26.26,72.05,29.38,477.6
578,25,2,27.0,66.9,29.78,469.2
579,25,3,27.96,66.17,26.43,415.3
580,25,4,27.31,66.57,25.43,431.7
581,25,5,27.31,,25.5,436.8
582,25,6,,,28.12,439.5
583,25,7,27.11,59.61,29.27,476.0
584,25,8,27.36,65.1,27.54,479.2
585,25,9,27.89,69.84,27.65,483.6
586,25,10,26.4,67.83,30.74,545.6
587,25,11,25.07,69.89,29.57,617.9
588,25,12,24.29,70.41,,622.4
589,25,13,24.14,73.31,32.39,645.3
590,25,14,22.47,81.68,32.98,696.3
591,25,15,21.8,79.88,39.63,711.8
592,25,16,22.09,77.35,39.28,739.8
593,25,17,20.69,76.89,40.52,763.9
594,25,18,19.93,79.02,38.98,744.7
595,25,19,20.01,80.93,39.92,745.3
596,25,20,20.3,81.01,41.17,726.7
597,25,21,21.52,82.22,39.1,671.7
598,25,22,22.53,73.46,38.04,622.0
599,25,23,22.63,73.72,35.19,580.3
600,26,0,,68.74,31.95,577.9
601,26,1,24.97,67.01,33.3,572.0
602,26,2,26.72,59.13,31.29,559.2
603,26,3,27.21,56.24,25.8,540.2
604,26,4,27.58,54.75,29.32,525.5
605,26,5,28.35,56.78,27.53,513.8
606,26,6,28.9,51.16,27.25,
607,26,7,28.93,52.01,31.03,521.9
608,26,8,27.6,50.45,31.14,490.8
609,26,9,27.33,,,488.5
610,26,10,26.01,60.67,29.89,489.3
611,26,11,25.28,68.14,27.87,551.2
612,26,12,23.61,69.94,29.15,623.8
613,26,13,22.99,76.38,31.47,594.7
614,26,14,21.74,83.54,33.47,665.8
615,26,15,20.44,80.74,33.65,689.5
616,26,16,20.43,84.7,34.71,730.7
617,26,17,20.29,88.62,31.77,748.9
618,26,18,19.93,87.6,33.5,781.5
619,26,19,20.93,,34.19,771.0
620,26,20,21.06,84.15,38.16,714.1
621,26,21,21.73,77.76,37.52,688.3
622,26,22,22.69,74.19,34.79,673.3
623,26,23,23.33,70.58,33.9,634.4
624,27,0,24.64,68.96,32.37,616.7
625,27,1,25.39,63.05,32.41,578.9
626,27,2,26.19,57.46,31.6,530.9
627,27,3,27.78,54.97,28.33,477.7
628,27,4,27.82,55.85,24.75,451.8
629,27,5,27.05,61.06,25.49,448.9
630,27,6,28.27,55.07,28.62,398.4
631,27,7,29.46,56.22,29.09,392.5
632,27,8,28.65,54.07,31.25,380.0
633,27,9,26.92,59.56,,386.1
634,27,10,26.03,59.53,35.0,
635,27,11,25.02,61.17,34.06,466.5
636,27,12,24.01,63.57,35.4,527.7
637,27,13,22.52,67.68,38.74,638.1
638,27,14,22.04,72.7,40.42,699.5
639,27,15,21.58,77.51,42.32,719.0
640,27,16,20.22,79.93,41.51,751.6
641,27,17,20.34,77.49,41.12,719.4
642,27,18,21.3,80.7,40.71,680.8
643,27,19,21.37,80.22,40.22,680.5
644,27,20,21.46,82.39,41.93,680.9
645,27,21,21.94,77.62,36.17,689.8
646,27,22,23.03,69.73,35.49,647.2
647,27,23,23.03,66.61,34.43,622.1
648,28,0,24.24,67.15,30.72,593.5
649,28,1,25.13,63.76,31.37,557.2
650,28,2,27.11,59.48,29.12,525.4
651,28,3,27.73,53.79,27.88,478.4
652,28,4,29.12,57.01,31.28,469.0
653,28,5,28.74,52.08,32.83,463.0
654,28,6,29.1,49.45,33.58,448.2
655,28,7,29.01,51.99,34.13,470.7
656,28,8,28.05,48.0,33.8,507.5
657,28,9,27.49,54.94,38.12,538.8
658,28,10,27.23,60.1,39.86,531.1
659,28,11,25.96,66.35,,560.9
660,28,12,24.0,71.53,36.22,567.5
661,28,13,23.06,74.39,38.17,602.8
662,28,14,21.72,74.4,38.71,610.4
663,28,15,20.88,77.1,36.41,671.6
664,28,16,20.36,76.62,37.95,709.3
665,28,17,19.25,79.99,37.76,746.3
666,28,18,18.58,83.1,38.97,769.1
667,28,19,19.34,86.89,39.62,747.9
668,28,20,19.74,85.86,,717.5
669,28,21,19.35,85.54,38.42,737.0
670,28,22,21.04,80.59,36.43,697.2
671,28,23,22.43,74.81,34.56,625.8
672,29,0,23.32,71.87,32.5,617.7
673,29,1,23.93,66.25,33.88,584.6
674,29,2,25.63,63.06,32.26,587.9
675,29,3,26.81,56.34,,559.0
676,29,4,28.74,51.32,,529.8
677,29,5,29.2,52.05,34.28,547.9
678,29,6,29.36,54.25,27.88,492.8
679,29,7,28.97,51.53,30.32,477.3
680,29,8,28.86,55.16,30.02,465.1
681,29,9,28.35,55.8,28.97,431.0
682,29,10,27.95,59.03,28.84,487.3
683,29,11,26.43,66.95,29.29,507.2
684,29,12,25.0,72.8,33.29,567.1
685,29,13,23.62,78.37,34.71,609.9
686,29,14,23.02,86.82,38.28,654.2
687,29,15,22.84,86.34,39.87,665.5
688,29,16,,84.72,39.58,665.4
689,29,17,20.99,83.49,38.99,682.4
690,29,18,20.94,83.0,40.14,711.5
691,29,19,20.87,75.31,41.44,704.5
692,29,20,21.7,73.93,42.68,673.7
693,29,21,21.07,70.65,41.0,626.2
694,29,22,21.61,70.74,40.11,612.3
695,29,23,22.36,68.64,39.91,573.7
696,30,0,22.46,63.23,37.62,546.5
697,30,1,23.42,61.58,33.96,514.5
698,30,2,24.35,60.33,31.3,479.7
699,30,3,25.51,54.83,30.06,468.3
700,30,4,27.07,51.17,30.87,467.2
701,30,5,27.53,43.35,32.97,505.7
702,30,6,27.32,40.69,29.85,514.4
703,30,7,27.39,40.35,28.82,550.2
704,30,8,27.71,43.55,28.65,528.9
705,30,9,26.64,44.38,31.08,500.1
706,30,10,25.5,47.41,30.88,524.0
707,30,11,25.02,48.83,,
708,30,12,23.98,54.97,29.53,618.9
709,30,13,23.38,61.6,32.0,674.5
710,30,14,22.43,67.57,32.96,630.7
711,30,15,21.97,71.58,32.81,688.4
712,30,16,20.76,70.1,33.35,712.5
713,30,17,20.41,70.97,36.44,681.7
714,30,18,20.22,71.56,34.74,706.2
715,30,19,19.81,71.14,33.27,705.6
716,30,20,19.6,71.15,35.87,701.9
717,30,21,20.87,74.15,35.58,705.3
718,30,22,21.69,73.95,36.24,685.4
719,30,23,22.31,67.49,36.09,613.0
720,31,0,23.54,66.11,34.92,578.3
721,31,1,25.34,64.31,33.13,507.3
722,31,2,25.21,58.19,33.85,501.1
723,31,3,25.56,57.86,35.21,514.3
724,31,4,,54.88,36.38,461.6
725,31,5,27.61,49.12,33.07,435.3
726,31,6,28.05,50.46,35.3,413.8
727,31,7,28.4,51.88,34.24,413.8
728,31,8,27.43,52.85,32.77,444.0
729,31,9,26.35,55.34,32.89,457.2
730,31,10,25.95,56.51,35.27,504.4
731,31,11,25.14,62.4,37.04,562.7
732,31,12,24.47,66.33,37.22,619.6
733,31,13,23.36,70.89,39.67,617.2
734,31,14,22.57,75.68,40.51,680.3
735,31,15,21.82,75.28,39.81,736.2
736,31,16,21.56,75.37,38.8,783.9
737,31,17,21.47,70.9,39.96,777.4
738,31,18,,74.49,39.79,
739,31,19,19.43,71.37,36.8,715.1
740,31,20,20.59,71.6,38.28,673.2
741,31,21,21.92,71.46,36.68,656.6
742,31,22,22.21,71.03,39.13,654.8
743,31,23,22.32,,35.13,656.8
744,32,0,23.65,61.19,33.81,607.4
745,32,1,25.34,63.16,31.49,571.9
746,32,2,27.27,64.83,28.81,537.5
747,32,3,28.22,64.19,27.42,494.8
748,32,4,28.51,62.04,30.8,494.9
749,32,5,28.38,56.72,30.76,489.8
750,32,6,28.54,58.02,29.08,486.1
751,32,7,28.27,57.51,25.76,496.0
752,32,8,27.41,60.26,23.26,519.3
753,32,9,27.93,60.17,23.66,547.8
754,32,10,27.9,62.49,24.09,544.6
755,32,11,27.25,66.42,25.51,593.1
756,32,12,25.44,70.84,22.87,624.7
757,32,13,24.67,75.94,24.96,639.1
758,32,14,23.81,77.41,29.11,670.5
759,32,15,22.97,76.34,34.0,700.3
760,32,16,22.73,83.96,31.26,742.0
761,32,17,22.34,92.67,30.82,720.1
762,32,18,22.26,93.4,30.09,754.6
763,32,19,22.4,87.77,31.17,743.9
764,32,20,22.65,83.43,,713.1
765,32,21,22.1,82.4,32.86,677.3
766,32,22,22.92,82.98,32.66,626.6
767,32,23,23.56,74.95,31.94,557.2
768,33,0,23.97,70.46,34.56,552.3
769,33,1,25.99,67.01,33.59,576.0
770,33,2,27.76,65.78,33.53,503.7
771,33,3,29.06,61.15,31.22,458.7
772,33,4,29.51,53.78,28.0,465.1
773,33,5,30.32,54.45,26.81,454.9
774,33,6,30.11,57.37,31.56,474.3
775,33,7,29.79,57.28,32.99,474.9
776,33,8,28.6,59.71,33.84,472.1
777,33,9,28.08,60.29,32.38,487.4
778,33,10,27.18,60.7,35.1,455.3
779,33,11,25.47,67.57,33.23,466.7
780,33,12,24.47,72.4,31.31,535.2
781,33,13,23.45,77.43,31.7,604.2
782,33,14,23.43,85.1,37.11,670.8
783,33,15,22.91,84.1,41.83,703.5
784,33,16,22.08,84.4,41.28,661.9
785,33,17,21.65,86.19,40.17,662.9
786,33,18,21.38,84.8,37.01,706.6
787,33,19,21.29,86.66,37.36,743.7
788,33,20,21.07,84.35,37.56,760.2
789,33,21,21.68,78.84,38.73,725.5
790,33,22,22.19,76.16,39.77,660.6
791,33,23,22.65,73.24,38.27,629.2
792,34,0,24.16,72.28,38.27,597.6
793,34,1,25.51,69.34,,604.8
794,34,2,25.65,66.77,35.75,575.0
795,34,3,26.64,64.16,33.79,544.1
796,34,4,27.98,60.7,34.07,521.4
797,34,5,28.96,56.68,34.34,514.5
798,34,6,29.56,56.97,,520.4
799,34,7,29.29,56.32,35.77,499.3
800,34,8,28.35,62.88,32.74,481.5
801,34,9,27.16,68.68,31.31,536.1
802,34,10,26.6,72.67,31.87,515.8
803,34,11,25.88,76.31,30.25,588.4
804,34,12,25.48,78.82,31.04,567.9
805,34,13,24.87,77.98,31.92,588.3
806,34,14,23.63,80.59,36.12,647.1
807,34,15,22.03,83.77,37.53,673.1
808,34,16,21.23,86.6,40.46,660.3
809,34,17,20.98,89.23,41.48,688.7
810,34,18,20.75,92.09,40.51,697.9
811,34,19,20.62,88.82,40.71,691.0
812,34,20,21.23,84.92,41.82,666.5
813,34,21,21.65,86.84,43.47,651.6
814,34,22,22.25,85.48,42.05,616.6
815,34,23,23.5,79.93,37.53,654.5
816,35,0,24.41,75.2,33.15,613.4
817,35,1,25.67,70.6,31.9,570.6
818,35,2,26.83,66.75,26.73,527.4
819,35,3,27.1,64.78,30.38,548.5
820,35,4,27.63,69.59,31.38,483.1
821,35,5,28.9,67.39,30.0,481.7
822,35,6,28.44,67.69,28.03,471.7
823,35,7,27.35,61.87,30.8,441.2
824,35,8,26.31,61.41,29.29,438.9
825,35,9,26.11,67.22,28.4,474.3
826,35,10,25.63,70.88,28.37,483.5
827,35,11,24.88,60.61,30.33,527.3
828,35,12,24.68,67.47,33.27,607.7
829,35,13,22.37,77.71,37.17,641.8
830,35,14,21.92,75.19,40.43,632.8
831,35,15,22.08,83.45,41.23,640.6
832,35,16,20.9,77.5,43.89,659.2
833,35,17,20.44,82.81,42.74,669.2
834,35,18,20.07,83.83,39.18,684.2
835,35,19,19.95,76.76,38.02,693.5
836,35,20,20.43,77.89,36.43,728.3
837,35,21,22.0,79.93,35.08,705.7
838,35,22,23.79,78.37,32.96,649.2
839,35,23,,76.79,31.84,651.1
840,36,0,26.34,71.71,32.83,648.9
841,36,1,27.14,,35.81,616.7
842,36,2,28.77,61.75,31.58,574.9
843,36,3,29.21,64.39,,560.8
844,36,4,29.65,65.22,27.21,530.1
845,36,5,30.01,57.21,29.16,462.2
846,36,6,31.52,52.39,29.2,476.0
847,36,7,31.33,51.12,28.47,503.6
848,36,8,30.1,48.83,30.97,549.4
849,36,9,29.64,52.79,33.99,542.9
850,36,10,28.29,58.34,35.01,569.9
851,36,11,26.85,58.65,34.56,601.4
852,36,12,26.13,66.25,36.5,630.5
853,36,13,24.91,72.89,37.35,660.7
854,36,14,23.92,75.49,38.13,687.0
855,36,15,,78.83,38.26,714.0
856,36,16,22.35,76.11,41.15,748.2
857,36,17,22.03,77.97,42.23,785.0
858,36,18,20.78,79.83,44.56,760.9
859,36,19,21.33,80.99,47.0,747.4
860,36,20,21.23,81.61,47.17,721.3
861,36,21,21.25,80.69,45.12,686.6
862,36,22,22.27,77.36,46.12,622.3
863,36,23,23.46,75.2,45.66,600.8
864,37,0,24.29,74.76,49.35,587.6
865,37,1,25.92,70.63,48.0,555.8
866,37,2,26.28,68.03,47.52,530.0
867,37,3,27.1,64.32,46.32,518.5
868,37,4,27.63,60.04,44.58,535.6
869,37,5,28.22,60.38,42.88,508.7
870,37,6,28.67,58.27,42.67,473.1
871,37,7,28.15,60.2,43.21,477.5
872,37,8,28.3,61.89,45.24,539.2
873,37,9,27.78,63.45,45.66,524.4
874,37,10,26.07,65.77,44.75,565.8
875,37,11,24.37,68.16,44.44,621.5
876,37,12,23.72,67.56,42.33,587.3
877,37,13,22.89,73.59,46.51,632.3
878,37,14,22.14,78.66,45.91,678.0
879,37,15,21.53,84.9,48.35,695.3
880,37,16,21.2,85.91,49.06,698.6
881,37,17,21.4,93.49,49.59,698.6
882,37,18,20.72,92.54,49.0,699.0
883,37,19,20.39,89.26,46.88,692.6
884,37,20,20.46,84.98,44.33,673.9
885,37,21,21.53,77.94,47.17,652.8
886,37,22,23.18,80.54,46.24,664.7
887,37,23,23.96,81.47,47.21,606.9
888,38,0,23.82,79.29,48.45,538.0
889,38,1,24.31,72.42,45.87,548.7
890,38,2,25.28,74.31,,520.3
891,38,3,26.25,69.56,43.87,491.1
892,38,4,27.08,66.0,40.39,475.2
893,38,5,27.85,68.59,39.37,474.1
894,38,6,28.11,69.35,40.24,460.9
895,38,7,28.76,75.61,39.11,483.0
896,38,8,28.13,76.32,38.72,473.7
897,38,9,27.21,76.09,38.96,491.2
898,38,10,26.83,76.26,44.01,466.9
899,38,11,25.22,73.59,40.88,538.8
900,38,12,24.63,76.66,42.91,572.7
901,38,13,23.81,84.1,43.34,627.4
902,38,14,22.9,89.22,42.98,671.6
903,38,15,22.98,91.93,43.36,711.3
904,38,16,21.96,90.92,45.48,729.2
905,38,17,22.6,93.11,47.34,750.0
906,38,18,22.16,96.6,47.72,727.9
907,38,19,21.52,96.97,49.62,696.4
908,38,20,21.98,95.47,51.41,687.9
909,38,21,22.09,90.19,51.84,657.3
910,38,22,22.66,89.55,49.26,675.4
911,38,23,24.0,76.1,48.8,656.7
912,39,0,25.41,74.13,48.24,607.1
913,39,1,26.16,78.5,45.0,571.5
914,39,2,27.7,69.92,40.56,548.8
915,39,3,29.08,66.25,35.69,524.3
916,39,4,30.29,64.08,35.62,514.0
917,39,5,30.7,61.42,36.18,504.5
918,39,6,31.27,64.39,33.96,466.1
919,39,7,29.85,66.28,36.68,422.0
920,39,8,29.21,68.04,37.62,437.5
921,39,9,28.11,72.6,41.15,483.0
922,39,10,27.41,75.29,42.62,507.3
923,39,11,26.19,88.04,41.3,575.7
924,39,12,25.17,90.88,43.34,608.3
925,39,13,25.16,93.99,45.7,675.8
926,39,14,24.0,91.22,45.43,730.7
927,39,15,23.3,92.21,43.36,775.1
928,39,16,22.45,97.81,44.48,754.4
929,39,17,22.04,94.71,43.12,763.2
930,39,18,,88.71,45.92,794.7
931,39,19,22.17,89.05,45.13,790.2
932,39,20,23.08,92.32,48.41,785.0
933,39,21,24.37,90.16,43.4,723.2
934,39,22,25.05,86.13,43.15,744.7
935,39,23,26.03,77.13,45.31,687.4
936,40,0,26.22,75.46,42.45,602.3
937,40,1,27.11,74.16,41.23,566.4
938,40,2,28.47,65.49,39.63,480.9
939,40,3,29.58,66.7,37.66,442.1
940,40,4,30.11,67.01,37.87,502.4
941,40,5,30.77,69.0,35.15,484.4
942,40,6,30.92,69.92,35.31,449.0
943,40,7,31.15,71.9,36.96,462.9
944,40,8,30.58,74.31,37.27,460.1
945,40,9,29.5,78.55,,510.8
946,40,10,28.65,75.23,39.68,518.7
947,40,11,26.05,74.16,42.37,562.2
948,40,12,25.35,76.22,41.43,570.3
949,40,13,22.58,80.32,40.18,675.6
950,40,14,21.19,85.7,39.79,715.2
951,40,15,21.11,90.17,42.39,732.9
952,40,16,21.08,96.14,44.08,742.3
953,40,17,20.35,100.0,46.47,739.6
954,40,18,20.18,98.22,46.17,726.1
955,40,19,21.33,98.25,44.45,706.3
956,40,20,21.61,93.97,46.31,742.8
957,40,21,23.52,91.13,44.78,709.1
958,40,22,24.25,89.16,44.62,632.5
959,40,23,25.33,75.36,40.8,583.6
960,41,0,27.07,79.99,39.15,588.1
961,41,1,27.93,78.07,40.73,557.7
962,41,2,28.19,72.7,38.68,532.3
963,41,3,28.9,75.63,39.93,543.2
964,41,4,29.48,71.74,34.89,505.8
965,41,5,29.17,70.36,34.06,513.5
966,41,6,29.29,68.11,34.33,493.7
967,41,7,28.91,73.51,38.66,515.6
968,41,8,29.14,,,518.5
969,41,9,28.57,76.37,,533.7
970,41,10,27.63,82.59,42.76,581.8
971,41,11,26.67,87.09,42.37,628.8
972,41,12,25.81,89.85,42.89,652.4
973,41,13,25.11,96.24,44.49,669.4
974,41,14,23.6,100.0,42.72,738.3
975,41,15,22.32,100.0,43.15,771.9
976,41,16,22.4,100.0,46.89,773.9
977,41,17,21.81,100.0,48.58,764.9
978,41,18,21.02,100.0,48.53,793.1
979,41,19,21.57,100.0,48.77,786.8
980,41,20,22.31,100.0,49.65,766.0
981,41,21,22.22,97.18,50.55,746.5
982,41,22,23.35,,48.45,726.8
983,41,23,24.81,85.11,50.53,692.4
984,42,0,26.07,81.36,51.8,688.3
985,42,1,27.41,83.08,51.57,681.6
986,42,2,27.6,80.69,48.29,655.2
987,42,3,28.67,74.34,45.03,653.6
988,42,4,29.19,69.65,43.6,620.2
989,42,5,29.41,72.45,43.26,613.1
990,42,6,30.08,74.98,39.53,621.0
991,42,7,30.68,74.88,40.96,635.7
992,42,8,31.02,,44.11,654.2
993,42,9,30.74,79.82,45.81,671.7
994,42,10,29.49,79.21,45.09,728.4
995,42,11,28.41,83.73,44.43,722.1
996,42,12,27.5,94.06,46.2,732.7
997,42,13,26.24,97.41,46.99,745.0
998,42,14,25.1,97.63,48.94,754.2
999,42,15,,100.0,50.97,721.8
1000,42,16,23.57,100.0,53.67,776.3
1001,42,17,,98.43,51.48,758.4
1002,42,18,22.2,100.0,52.01,767.1
1003,42,19,22.64,100.0,51.05,727.1
1004,42,20,22.96,100.0,50.45,735.7
1005,42,21,23.71,97.03,51.56,699.0
1006,42,22,24.79,90.88,52.53,650.4
1007,42,23,25.43,87.02,54.04,634.6
1008,43,0,26.78,81.7,53.28,592.4
1009,43,1,27.88,75.21,51.43,555.0
1010,43,2,28.09,78.01,49.46,539.4
1011,43,3,29.65,76.29,44.75,541.6
1012,43,4,29.9,75.45,46.79,505.1
1013,43,5,29.42,76.24,45.47,474.0
1014,43,6,29.15,77.42,46.17,479.1
1015,43,7,28.71,,47.4,503.9
1016,43,8,28.6,77.62,44.95,556.6
1017,43,9,28.04,78.61,,546.9
1018,43,10,27.24,82.62,47.71,566.2
1019,43,11,26.77,86.74,49.06,627.9
1020,43,12,26.0,88.9,48.7,706.6
1021,43,13,25.16,88.44,49.39,704.1
1022,43,14,24.41,,52.48,710.9
1023,43,15,23.85,95.26,54.92,745.0
1024,43,16,22.07,92.14,52.21,748.0
1025,43,17,21.62,96.0,55.8,741.7
1026,43,18,20.54,99.97,57.48,755.5
1027,43,19,21.04,100.0,56.49,792.2
1028,43,20,21.7,100.0,53.25,743.5
1029,43,21,23.07,99.22,54.56,763.5
1030,43,22,24.56,92.51,54.33,720.0
1031,43,23,25.57,89.69,50.03,698.2
1032,44,0,26.28,86.49,48.45,704.4
1033,44,1,27.56,80.18,53.65,673.4
1034,44,2,28.21,76.34,52.08,629.0
1035,44,3,29.05,67.63,49.19,616.4
1036,44,4,30.19,69.04,46.17,585.5
1037,44,5,30.22,65.79,49.19,580.8
1038,44,6,30.74,65.95,50.29,564.9
1039,44,7,30.85,62.88,52.66,585.5
1040,44,8,29.84,63.77,52.75,555.2
1041,44,9,29.67,66.53,55.13,547.9
1042,44,10,29.08,70.78,,540.4
1043,44,11,28.01,76.88,53.93,575.7
1044,44,12,26.46,85.83,54.91,575.4
1045,44,13,24.97,92.06,58.08,600.8
1046,44,14,23.8,98.44,58.85,614.5
1047,44,15,,100.0,57.61,691.1
1048,44,16,22.26,100.0,57.77,692.5
1049,44,17,22.2,100.0,54.27,682.0
1050,44,18,21.5,100.0,49.6,705.4
1051,44,19,21.7,100.0,51.45,753.7
1052,44,20,22.31,100.0,50.43,741.2
1053,44,21,24.28,100.0,49.46,723.7
1054,44,22,24.27,97.78,50.52,733.4
1055,44,23,25.98,93.0,52.39,723.5
1056,45,0,26.96,91.27,52.19,697.4
1057,45,1,28.08,86.87,54.69,645.3
1058,45,2,28.97,86.29,54.06,624.5
1059,45,3,29.9,86.39,53.14,561.2
1060,45,4,30.32,86.48,52.29,527.9
1061,45,5,31.35,87.19,48.66,555.1
1062,45,6,31.03,81.89,50.09,581.2
1063,45,7,31.33,82.76,44.84,589.4
1064,45,8,30.39,81.3,44.12,545.6
1065,45,9,29.62,77.96,44.96,535.4
1066,45,10,28.17,80.12,44.35,548.6
1067,45,11,27.48,87.75,44.71,580.3
1068,45,12,27.16,92.57,49.77,586.8
1069,45,13,25.93,100.0,52.97,622.1
1070,45,14,24.75,100.0,52.3,705.0
1071,45,15,23.3,100.0,52.09,741.5
1072,45,16,22.6,100.0,50.18,766.0
1073,45,17,21.47,100.0,52.26,751.8
1074,45,18,21.1,100.0,52.0,
1075,45,19,21.61,100.0,48.07,692.0
1076,45,20,22.86,100.0,48.4,650.1
1077,45,21,24.92,100.0,49.09,649.6
1078,45,22,25.19,,50.51,648.2
1079,45,23,26.72,100.0,49.5,605.4
1080,46,0,27.61,100.0,47.83,590.5
1081,46,1,28.33,94.06,50.94,606.2
1082,46,2,29.34,89.14,49.74,629.2
1083,46,3,30.02,84.86,50.14,618.9
1084,46,4,30.56,83.97,48.09,588.5
1085,46,5,30.62,86.11,48.87,589.8
1086,46,6,30.0,85.25,45.52,612.3
1087,46,7,29.18,90.27,44.74,555.1
1088,46,8,29.33,92.51,42.83,602.2
1089,46,9,28.67,92.15,,600.4
1090,46,10,27.67,96.04,46.35,607.8
1091,46,11,26.86,100.0,46.23,626.5
1092,46,12,26.35,100.0,48.95,665.7
1093,46,13,25.43,100.0,53.1,667.8
1094,46,14,24.13,,53.78,692.9
1095,46,15,23.98,100.0,56.39,734.8
1096,46,16,24.07,100.0,57.71,
1097,46,17,23.7,100.0,57.9,782.4
1098,46,18,23.83,100.0,59.11,777.2
1099,46,19,24.32,100.0,62.13,790.7
1100,46,20,24.94,100.0,59.61,802.8
1101,46,21,25.5,100.0,56.43,802.6
1102,46,22,26.25,100.0,53.19,779.7
1103,46,23,27.12,100.0,54.08,765.1
1104,47,0,27.27,100.0,54.99,744.6
1105,47,1,28.5,96.44,52.37,767.6
1106,47,2,28.59,91.6,46.78,748.2
1107,47,3,29.0,84.67,44.72,698.8
1108,47,4,30.35,83.66,45.41,638.3
1109,47,5,31.09,85.33,44.98,607.4
1110,47,6,31.82,88.38,45.32,585.4
1111,47,7,31.28,87.76,44.47,595.4
1112,47,8,30.12,89.38,47.06,582.1
1113,47,9,29.33,89.69,48.32,627.0
1114,47,10,28.55,,50.21,609.3
1115,47,11,27.61,96.19,51.27,596.0
1116,47,12,27.13,98.91,53.12,628.6
1117,47,13,25.78,100.0,54.76,643.2
1118,47,14,24.93,100.0,53.49,647.9
1119,47,15,23.52,100.0,54.92,667.6
1120,47,16,23.14,100.0,56.92,679.2
1121,47,17,22.72,100.0,59.29,704.1
1122,47,18,22.19,100.0,59.71,703.4
1123,47,19,22.27,100.0,57.08,697.4
1124,47,20,22.65,100.0,54.73,697.0
1125,47,21,23.23,100.0,53.1,713.3
1126,47,22,25.03,98.52,52.63,730.0
1127,47,23,25.84,97.35,51.36,703.2
1128,48,0,26.68,94.71,48.04,676.0
1129,48,1,26.63,90.66,44.95,637.9
1130,48,2,27.33,87.96,40.19,619.7
1131,48,3,28.26,82.01,33.9,601.6
1132,48,4,28.77,78.46,34.33,
1133,48,5,30.1,76.61,39.79,544.2
1134,48,6,30.2,71.1,43.89,534.2
1135,48,7,30.77,68.47,42.28,547.7
1136,48,8,30.32,67.33,43.37,558.5
1137,48,9,29.63,73.05,41.39,553.7
1138,48,10,28.7,77.54,40.17,549.3
1139,48,11,27.7,83.46,39.53,606.0
1140,48,12,27.49,82.03,41.06,621.6
1141,48,13,25.1,82.29,42.62,614.5
1142,48,14,23.2,89.17,44.93,676.4
1143,48,15,22.36,84.82,47.79,719.2
1144,48,16,22.0,92.65,48.26,739.2
1145,48,17,22.15,89.8,49.25,732.1
1146,48,18,22.35,94.48,47.65,739.9
1147,48,19,22.32,92.44,45.46,
1148,48,20,23.29,,42.9,720.4
1149,48,21,24.39,100.0,44.61,668.7
1150,48,22,25.17,93.04,43.93,639.5
1151,48,23,26.48,91.91,40.02,622.0
1152,49,0,27.45,82.71,39.95,588.8
1153,49,1,28.01,80.85,37.42,584.5
1154,49,2,29.23,77.12,40.92,589.4
1155,49,3,29.96,74.91,39.63,573.0
1156,49,4,30.47,70.2,41.1,568.2
1157,49,5,31.5,71.72,43.41,561.1
1158,49,6,30.18,67.18,41.63,554.7
1159,49,7,29.4,72.21,42.34,524.1
1160,49,8,28.6,72.74,44.21,513.3
1161,49,9,28.05,71.28,45.3,504.9
1162,49,10,27.35,80.0,47.02,536.5
1163,49,11,25.86,83.57,45.4,580.7
1164,49,12,24.66,93.33,47.88,582.6
1165,49,13,23.56,100.0,48.14,627.0
1166,49,14,24.2,100.0,50.07,643.5
1167,49,15,24.33,100.0,52.91,653.0
1168,49,16,23.35,100.0,54.85,670.0
1169,49,17,22.7,100.0,55.78,667.9
1170,49,18,21.97,100.0,56.98,703.2
1171,49,19,21.25,100.0,57.9,706.2
1172,49,20,21.87,100.0,60.06,724.9
1173,49,21,22.23,100.0,58.66,700.4
1174,49,22,23.3,100.0,57.54,671.8
1175,49,23,23.7,100.0,57.85,696.7
1176,50,0,24.7,94.06,55.12,624.0
1177,50,1,26.16,87.82,50.86,630.2
1178,50,2,27.57,82.16,50.66,642.2
1179,50,3,28.79,74.7,49.11,629.9
1180,50,4,28.86,70.44,45.82,594.0
1181,50,5,29.9,74.03,46.45,611.7
1182,50,6,29.72,72.89,49.1,589.1
1183,50,7,30.05,75.57,45.61,567.9
1184,50,8,29.69,,48.06,566.2
1185,50,9,28.41,74.22,43.42,569.2
1186,50,10,27.6,77.26,43.76,570.9
1187,50,11,26.98,79.85,48.78,631.6
1188,50,12,26.35,84.81,49.11,642.5
1189,50,13,25.26,87.61,50.36,675.0
1190,50,14,25.09,85.39,52.85,669.8
1191,50,15,24.63,92.5,50.1,702.5
1192,50,16,23.66,96.36,51.08,698.6
1193,50,17,23.5,97.48,51.78,690.4
1194,50,18,24.14,95.7,55.77,704.1
1195,50,19,,91.65,52.91,737.3
1196,50,20,24.23,92.13,51.77,741.6
1197,50,21,24.14,95.64,49.37,738.0
1198,50,22,25.6,93.49,46.73,710.4
1199,50,23,25.8,85.95,48.47,673.9
1200,51,0,26.09,83.44,47.65,664.6
1201,51,1,26.94,79.92,45.65,618.2
1202,51,2,28.22,79.37,43.89,611.1
1203,51,3,29.03,78.19,42.25,614.8
1204,51,4,29.38,66.72,41.06,568.1
1205,51,5,29.54,67.81,,536.2
1206,51,6,29.46,64.93,38.58,519.0
1207,51,7,29.07,62.1,38.63,488.8
1208,51,8,30.04,64.35,38.16,496.6
1209,51,9,29.52,69.19,39.83,556.4
1210,51,10,29.07,68.3,41.76,557.1
1211,51,11,27.72,75.43,42.12,624.8
1212,51,12,26.53,82.57,43.43,644.8
1213,51,13,25.1,87.17,49.32,730.1
1214,51,14,22.86,88.67,54.57,735.3
1215,51,15,21.64,89.57,52.9,753.4
1216,51,16,20.47,96.03,51.57,747.5
1217,51,17,19.43,93.49,49.91,743.8
1218,51,18,19.31,98.18,52.41,785.2
1219,51,19,20.71,97.64,51.5,791.2
1220,51,20,21.44,96.33,51.67,801.6
1221,51,21,23.01,89.27,55.06,743.0
1222,51,22,24.14,86.72,53.84,733.7
1223,51,23,25.53,85.87,53.95,677.4
1224,52,0,26.07,78.57,53.5,613.8
1225,52,1,27.42,77.18,50.78,594.5
1226,52,2,28.73,74.52,51.59,575.3
1227,52,3,,70.05,48.54,554.3
1228,52,4,30.09,70.96,50.27,555.1
1229,52,5,30.71,63.18,48.15,563.9
1230,52,6,30.46,64.79,46.68,592.3
1231,52,7,29.73,70.97,44.39,557.5
1232,52,8,28.82,76.92,42.93,603.7
1233,52,9,28.42,80.06,42.88,661.4
1234,52,10,27.89,81.75,39.09,662.8
1235,52,11,26.61,83.12,40.28,639.2
1236,52,12,25.72,86.02,40.97,632.7
1237,52,13,25.08,91.56,44.29,654.9
1238,52,14,,92.59,46.56,738.2
1239,52,15,24.36,98.1,46.31,759.2
1240,52,16,24.18,100.0,46.47,759.2
1241,52,17,23.0,100.0,46.88,753.2
1242,52,18,23.58,100.0,50.47,726.1
1243,52,19,23.18,98.04,48.81,750.3
1244,52,20,23.94,99.15,47.25,738.3
1245,52,21,24.38,96.56,44.74,773.9
1246,52,22,24.8,96.07,41.52,758.7
1247,52,23,24.75,90.51,41.98,743.0
1248,53,0,25.79,89.01,42.01,696.3
1249,53,1,,84.25,44.09,630.8
1250,53,2,27.8,78.14,45.44,577.9
1251,53,3,29.47,73.82,49.41,520.3
1252,53,4,29.61,67.97,48.14,530.4
1253,53,5,30.17,72.98,46.79,510.7
1254,53,6,29.92,71.93,43.72,533.5
1255,53,7,29.52,74.18,45.21,540.0
1256,53,8,29.62,73.66,45.66,543.3
1257,53,9,28.96,72.72,47.4,533.1
1258,53,10,29.01,75.34,45.64,569.7
1259,53,11,27.64,82.53,47.26,595.7
1260,53,12,27.01,84.69,48.58,652.2
1261,53,13,25.85,86.0,49.74,664.4
1262,53,14,25.14,90.42,49.16,710.5
1263,53,15,23.89,95.25,52.34,775.6
1264,53,16,23.11,100.0,56.82,794.7
1265,53,17,22.56,100.0,54.34,819.4
1266,53,18,21.95,100.0,55.55,829.0
1267,53,19,22.45,,49.18,862.7
1268,53,20,23.14,100.0,50.26,844.6
1269,53,21,23.97,95.54,45.87,828.5
1270,53,22,25.43,89.12,44.35,787.8
1271,53,23,26.85,81.84,41.18,726.8
1272,54,0,27.34,81.11,40.35,657.7
1273,54,1,28.31,78.47,41.6,656.1
1274,54,2,28.73,75.31,37.3,595.3
1275,54,3,29.44,64.59,36.47,587.2
1276,54,4,29.66,69.43,35.51,574.1
1277,54,5,30.85,65.44,39.0,579.7
1278,54,6,30.98,71.57,40.07,554.7
1279,54,7,30.55,67.41,38.06,534.1
1280,54,8,30.62,66.7,37.94,554.2
1281,54,9,28.68,62.96,42.16,563.5
1282,54,10,26.88,68.37,44.52,556.5
1283,54,11,26.54,69.61,43.6,637.5
1284,54,12,25.64,71.48,,644.6
1285,54,13,24.81,72.69,44.97,650.2
1286,54,14,23.21,80.39,45.05,676.2
1287,54,15,22.53,86.89,42.73,735.9
1288,54,16,23.02,95.55,42.6,699.1
1289,54,17,22.94,95.07,46.44,747.0
1290,54,18,22.72,96.55,46.12,729.5
1291,54,19,22.49,92.35,46.13,736.4
1292,54,20,22.62,90.47,46.34,710.3
1293,54,21,22.17,87.18,50.41,745.8
1294,54,22,23.32,86.23,49.38,720.6
1295,54,23,24.83,86.15,50.41,670.6
1296,55,0,25.1,85.3,47.78,631.7
1297,55,1,25.97,78.57,45.98,603.8
1298,55,2,26.56,77.97,44.87,579.6
1299,55,3,27.18,74.38,42.32,565.3
1300,55,4,28.16,70.72,41.28,544.2
1301,55,5,27.76,66.94,42.7,496.0
1302,55,6,28.61,64.86,40.81,487.1
1303,55,7,29.11,70.88,40.97,510.6
1304,55,8,28.71,72.92,42.8,507.3
1305,55,9,26.97,75.38,41.65,546.8
1306,55,10,25.99,77.22,44.71,573.0
1307,55,11,26.02,87.85,45.63,596.7
1308,55,12,23.77,94.47,46.14,658.7
1309,55,13,22.98,,43.02,642.6
1310,55,14,21.8,96.39,43.5,658.1
1311,55,15,21.78,97.99,45.39,719.1
1312,55,16,21.06,100.0,49.71,783.8
1313,55,17,21.13,98.84,51.07,846.0
1314,55,18,21.44,100.0,53.18,836.8
1315,55,19,22.57,100.0,50.15,831.6
1316,55,20,22.75,97.32,49.3,827.5
1317,55,21,23.49,91.18,50.95,826.6
1318,55,22,23.48,86.7,47.96,793.2
1319,55,23,25.1,82.0,48.75,772.2
1320,56,0,25.69,84.47,48.82,736.2
1321,56,1,26.47,83.17,47.86,702.4
1322,56,2,27.49,81.65,45.75,635.1
1323,56,3,27.59,76.75,42.57,592.4
1324,56,4,28.55,72.71,45.34,553.2
1325,56,5,29.57,66.26,45.71,507.5
1326,56,6,29.86,68.07,45.68,463.1
1327,56,7,28.91,69.75,44.4,463.6
1328,56,8,28.59,74.66,44.41,476.4
1329,56,9,28.45,75.54,44.96,505.5
1330,56,10,26.7,77.52,46.17,550.0
1331,56,11,25.4,81.07,48.14,586.4
1332,56,12,25.08,87.05,47.04,612.7
1333,56,13,24.3,85.69,44.78,623.2
1334,56,14,23.62,91.3,45.88,679.4
1335,56,15,23.74,93.88,43.15,702.9
1336,56,16,23.16,92.68,43.44,712.5
1337,56,17,22.9,87.94,43.14,722.6
1338,56,18,23.9,,44.65,711.4
1339,56,19,23.49,93.32,48.72,
1340,56,20,23.15,96.94,44.25,679.6
1341,56,21,23.81,95.08,48.39,660.9
1342,56,22,24.66,97.26,46.83,
1343,56,23,25.16,92.26,46.37,644.9
1344,57,0,25.57,90.14,42.25,654.2
1345,57,1,27.77,83.59,43.26,649.0
1346,57,2,28.67,77.43,42.22,660.7
1347,57,3,28.93,71.58,41.11,635.3
1348,57,4,29.92,62.63,,615.4
1349,57,5,30.1,65.38,36.48,576.9
1350,57,6,29.98,62.82,38.25,583.0
1351,57,7,30.05,61.04,37.93,558.7
1352,57,8,28.88,59.37,40.74,526.2
1353,57,9,28.45,61.89,43.45,582.3
1354,57,10,28.57,71.01,42.6,569.2
1355,57,11,27.64,80.9,46.52,608.0
1356,57,12,26.2,79.03,47.1,614.5
1357,57,13,24.78,81.75,47.74,674.7
1358,57,14,23.56,82.31,48.44,731.9
1359,57,15,22.6,88.78,48.96,762.3
1360,57,16,21.79,92.01,43.92,804.0
1361,57,17,21.9,91.47,44.09,804.2
1362,57,18,20.85,92.31,41.66,853.9
1363,57,19,21.55,90.43,45.19,851.4
1364,57,20,21.78,93.99,48.0,799.5
1365,57,21,22.65,92.85,48.78,770.7
1366,57,22,22.92,91.19,47.04,732.0
1367,57,23,24.66,78.83,43.71,688.8
1368,58,0,26.27,75.05,41.25,610.4
1369,58,1,27.63,77.7,44.12,590.2
1370,58,2,27.61,77.54,41.39,526.1
1371,58,3,28.82,67.96,35.65,442.9
1372,58,4,29.55,64.46,,428.6
1373,58,5,29.02,59.31,39.99,410.4
1374,58,6,29.2,64.32,42.91,398.4
1375,58,7,29.29,65.27,44.54,380.0
1376,58,8,29.16,64.12,46.61,380.0
1377,58,9,28.56,66.56,46.45,392.8
1378,58,10,27.81,61.79,42.29,422.5
1379,58,11,27.5,63.03,42.97,481.1
1380,58,12,26.86,68.18,44.93,562.4
1381,58,13,24.1,75.59,45.28,614.2
1382,58,14,23.02,73.95,45.54,673.5
1383,58,15,22.18,,44.15,726.2
1384,58,16,20.74,83.68,42.71,715.7
1385,58,17,20.62,81.48,46.92,739.0
1386,58,18,21.28,83.77,50.55,766.5
1387,58,19,20.89,84.32,49.8,746.5
1388,58,20,21.57,88.7,49.41,712.1
1389,58,21,21.81,85.65,46.26,707.0
1390,58,22,22.44,82.11,46.4,643.6
1391,58,23,24.32,81.19,48.54,591.8
1392,59,0,25.07,73.13,43.71,551.7
1393,59,1,26.38,68.88,43.25,540.9
1394,59,2,,64.22,42.94,523.3
1395,59,3,28.34,61.14,42.68,528.5
1396,59,4,29.23,61.74,44.78,486.0
1397,59,5,29.44,61.96,47.62,452.7
1398,59,6,29.8,59.06,45.85,467.9
1399,59,7,28.85,60.11,46.33,455.4
1400,59,8,29.1,66.13,45.86,458.0
1401,59,9,28.22,65.52,44.27,437.8
1402,59,10,27.26,68.92,44.89,482.9
1403,59,11,26.05,71.77,46.47,560.3
1404,59,12,24.76,75.35,47.15,568.2
1405,59,13,24.17,74.26,45.66,630.8
1406,59,14,23.33,82.62,45.18,659.6
1407,59,15,22.81,83.34,44.71,641.5
1408,59,16,22.08,89.01,43.41,645.9
1409,59,17,21.87,88.45,44.37,643.8
1410,59,18,21.41,87.13,45.22,651.8
1411,59,19,22.62,90.51,46.84,669.5
1412,59,20,21.97,91.77,44.34,711.7
1413,59,21,23.18,89.46,42.37,656.6
1414,59,22,24.53,88.06,44.6,624.8
1415,59,23,24.79,82.78,42.94,579.6
1416,60,0,26.81,78.27,41.67,525.4
1417,60,1,28.01,71.87,40.01,508.7
1418,60,2,29.09,70.73,41.09,489.6
1419,60,3,29.54,65.0,42.17,427.7
1420,60,4,29.75,66.83,43.14,422.8
1421,60,5,29.81,63.63,42.0,392.3
1422,60,6,29.98,62.63,39.39,402.9
1423,60,7,30.37,64.91,42.9,450.9
1424,60,8,29.78,65.75,44.19,479.9
1425,60,9,28.44,66.59,42.99,506.4
1426,60,10,27.92,69.12,45.93,519.8
1427,60,11,27.25,75.01,44.87,553.8
1428,60,12,26.31,76.2,47.97,601.6
1429,60,13,25.4,79.32,50.99,644.4
1430,60,14,24.02,82.67,48.94,669.1
1431,60,15,22.54,88.09,50.06,698.3
1432,60,16,21.4,89.62,51.35,682.7
1433,60,17,20.22,96.07,56.0,679.7
1434,60,18,20.39,95.04,53.24,707.0
1435,60,19,20.62,92.93,54.84,726.1
1436,60,20,20.9,90.21,53.18,715.0
1437,60,21,20.19,83.3,48.88,731.3
1438,60,22,20.8,77.05,46.99,712.2
1439,60,23,22.76,72.18,45.31,669.5
1440,61,0,23.71,72.18,41.5,602.2
1441,61,1,25.18,68.2,40.71,606.6
1442,61,2,25.62,63.14,41.26,591.2
1443,61,3,27.44,63.88,40.34,603.4
1444,61,4,28.07,65.86,38.06,625.1
1445,61,5,28.69,67.3,36.96,561.3
1446,61,6,30.02,63.04,36.48,513.3
1447,61,7,30.43,61.32,36.75,
1448,61,8,,67.77,39.05,481.6
1449,61,9,28.39,69.79,39.71,518.9
1450,61,10,27.28,71.05,37.21,545.2
1451,61,11,26.5,75.98,36.85,542.3
1452,61,12,25.3,81.89,38.15,574.6
1453,61,13,24.0,82.8,41.34,613.6
1454,61,14,23.74,86.17,44.58,664.2
1455,61,15,22.69,91.18,48.41,694.7
1456,61,16,23.08,88.97,48.45,728.2
1457,61,17,22.4,89.93,49.58,732.8
1458,61,18,22.88,86.58,45.93,763.2
1459,61,19,22.8,83.06,46.15,767.8
1460,61,20,23.32,80.17,43.06,717.6
1461,61,21,23.22,79.67,42.02,730.4
1462,61,22,23.38,75.82,47.01,728.6
1463,61,23,24.48,70.57,45.82,700.1
1464,62,0,25.88,67.33,42.25,664.9
1465,62,1,26.73,60.42,41.47,664.6
1466,62,2,26.88,58.85,38.88,579.6
1467,62,3,27.02,59.66,35.7,578.8
1468,62,4,27.07,57.07,39.07,537.3
1469,62,5,26.84,55.02,40.2,545.5
1470,62,6,27.4,55.74,39.99,534.2
1471,62,7,28.11,50.13,38.59,498.0
1472,62,8,27.82,53.93,37.76,494.3
1473,62,9,26.15,66.02,40.99,538.1
1474,62,10,25.52,68.0,41.68,553.0
1475,62,11,24.73,70.62,35.74,563.3
1476,62,12,24.97,76.21,41.56,578.3
1477,62,13,,84.29,42.42,627.4
1478,62,14,22.13,89.59,43.55,699.3
1479,62,15,22.28,84.78,46.0,663.4
1480,62,16,21.81,88.34,46.86,754.4
1481,62,17,21.59,96.9,48.02,762.5
1482,62,18,21.38,97.77,46.49,772.7
1483,62,19,21.56,92.23,43.24,748.4
1484,62,20,22.21,90.62,43.06,730.0
1485,62,21,22.26,83.44,44.91,710.3
1486,62,22,23.46,83.65,42.16,653.9
1487,62,23,23.6,76.37,39.31,604.2
1488,63,0,24.82,72.36,40.47,605.2
1489,63,1,25.93,65.56,38.04,532.9
1490,63,2,26.55,60.3,35.92,518.8
1491,63,3,27.41,61.84,34.12,486.2
1492,63,4,27.76,59.39,33.22,445.8
1493,63,5,27.71,55.85,29.57,488.9
1494,63,6,27.84,51.77,28.57,458.5
1495,63,7,27.33,46.96,29.46,435.8
1496,63,8,27.34,45.63,30.53,448.6
1497,63,9,26.3,49.61,33.63,453.8
1498,63,10,26.07,56.72,38.03,486.2
1499,63,11,24.64,59.23,41.56,525.2
1500,63,12,23.54,68.53,43.7,566.8
1501,63,13,22.42,70.3,43.61,597.8
1502,63,14,22.37,73.5,42.6,612.3
1503,63,15,21.77,73.71,42.93,658.4
1504,63,16,21.04,79.75,44.25,676.7
1505,63,17,20.92,87.78,45.74,678.4
1506,63,18,,82.46,46.46,723.1
1507,63,19,20.02,81.06,45.35,713.5
1508,63,20,21.57,83.6,45.89,727.1
1509,63,21,,76.64,47.04,733.1
1510,63,22,22.99,75.53,47.06,731.1
1511,63,23,24.16,75.64,45.03,706.6
1512,64,0,25.53,71.6,41.43,662.1
1513,64,1,25.39,68.99,38.04,617.9
1514,64,2,25.57,70.12,35.3,573.3
1515,64,3,26.72,71.75,34.75,487.1
1516,64,4,27.15,67.5,34.89,488.0
1517,64,5,28.39,62.94,31.32,481.1
1518,64,6,28.39,58.57,30.14,495.8
1519,64,7,27.33,61.37,30.84,492.3
1520,64,8,26.53,57.83,29.45,517.4
1521,64,9,24.83,59.14,,496.5
1522,64,10,24.41,62.36,31.43,492.5
1523,64,11,23.79,,31.08,
1524,64,12,22.91,68.97,32.49,505.3
1525,64,13,22.75,80.43,34.53,528.9
1526,64,14,22.55,82.66,33.91,548.1
1527,64,15,21.65,83.59,34.53,595.7
1528,64,16,19.97,88.42,36.4,615.0
1529,64,17,,89.73,35.44,602.0
1530,64,18,20.37,93.68,32.56,684.3
1531,64,19,20.71,92.36,29.95,682.2
1532,64,20,21.6,88.91,29.56,645.6
1533,64,21,21.56,80.2,27.14,616.0
1534,64,22,23.43,72.01,26.63,594.6
1535,64,23,23.74,63.27,29.98,568.5
1536,65,0,25.11,61.53,26.74,576.8
1537,65,1,25.19,54.29,25.91,544.6
1538,65,2,25.78,55.58,29.96,563.1
1539,65,3,27.52,53.11,30.2,521.3
1540,65,4,28.0,50.46,28.96,509.4
1541,65,5,28.82,46.92,28.44,518.3
1542,65,6,29.0,49.02,29.37,536.2
1543,65,7,28.72,47.53,33.0,562.0
1544,65,8,28.94,46.73,32.08,552.8
1545,65,9,28.0,53.61,31.08,560.5
1546,65,10,26.16,58.17,29.19,513.8
1547,65,11,24.87,61.3,30.67,539.1
1548,65,12,24.25,67.37,29.15,599.1
1549,65,13,23.47,71.28,29.77,650.0
1550,65,14,21.73,,29.47,671.2
1551,65,15,20.7,76.56,33.12,734.0
1552,65,16,19.98,85.32,33.13,733.3
1553,65,17,19.61,84.48,34.78,720.2
1554,65,18,19.0,89.33,32.03,709.1
1555,65,19,19.13,87.41,32.78,675.8
1556,65,20,19.47,87.65,,682.5
1557,65,21,20.81,86.58,29.72,671.0
1558,65,22,22.22,85.87,34.04,660.6
1559,65,23,23.17,78.39,35.15,618.4
1560,66,0,24.08,76.86,33.86,584.9
1561,66,1,25.27,77.35,39.24,498.8
1562,66,2,25.88,71.27,35.83,486.9
1563,66,3,26.27,66.87,36.96,469.5
1564,66,4,26.65,61.68,32.69,426.9
1565,66,5,27.0,58.24,31.59,419.8
1566,66,6,26.83,62.19,28.62,416.0
1567,66,7,27.11,58.48,29.42,
1568,66,8,27.33,56.44,30.01,455.3
1569,66,9,26.03,63.38,30.08,485.9
1570,66,10,25.48,67.53,33.21,484.9
1571,66,11,24.61,76.55,32.92,505.2
1572,66,12,23.93,77.48,34.62,549.8
1573,66,13,23.0,80.49,37.23,580.1
1574,66,14,21.41,80.98,35.01,613.6
1575,66,15,20.17,83.74,34.45,650.8
1576,66,16,19.85,80.07,35.43,659.6
1577,66,17,20.2,83.61,37.29,697.4
1578,66,18,19.05,84.84,40.33,693.6
1579,66,19,19.65,83.82,39.53,688.1
1580,66,20,20.84,80.87,38.33,686.3
1581,66,21,21.44,75.7,35.86,672.6
1582,66,22,22.59,75.0,35.79,662.7
1583,66,23,23.18,67.81,34.25,638.2
1584,67,0,24.22,65.83,32.74,614.8
1585,67,1,24.5,68.31,31.64,570.4
1586,67,2,24.5,68.52,31.91,511.5
1587,67,3,26.2,59.82,29.96,452.3
1588,67,4,26.57,55.41,27.9,397.8
1589,67,5,27.02,55.01,28.63,441.7
1590,67,6,26.73,53.98,22.59,385.6
1591,67,7,26.24,50.06,22.26,430.7
1592,67,8,26.18,53.0,21.14,427.2
1593,67,9,25.54,55.48,25.12,483.2
1594,67,10,25.26,64.44,25.67,454.8
1595,67,11,24.77,66.7,26.15,487.6
1596,67,12,24.04,73.66,27.77,564.2
1597,67,13,23.22,72.94,28.24,615.5
1598,67,14,23.09,73.23,29.08,635.3
1599,67,15,21.61,78.65,30.79,612.3
1600,67,16,20.96,84.16,31.19,606.2
1601,67,17,21.14,82.29,31.36,664.6
1602,67,18,21.54,82.78,30.13,664.7
1603,67,19,20.76,78.04,28.47,664.1
1604,67,20,20.98,76.42,29.14,664.0
1605,67,21,22.3,76.98,29.95,615.4
1606,67,22,23.26,72.65,26.96,608.2
1607,67,23,24.17,68.52,28.43,573.5
1608,68,0,24.96,61.54,29.59,555.5
1609,68,1,25.71,56.38,30.95,513.7
1610,68,2,26.79,58.85,30.79,450.8
1611,68,3,27.43,56.06,31.37,425.7
1612,68,4,28.03,50.72,35.09,433.1
1613,68,5,28.46,48.69,33.65,437.5
1614,68,6,28.24,43.86,31.08,438.2
1615,68,7,28.42,42.33,28.05,468.1
1616,68,8,29.47,49.15,32.19,474.5
1617,68,9,27.65,51.71,36.21,495.3
1618,68,10,26.92,61.08,34.7,508.2
1619,68,11,25.5,64.25,33.96,563.0
1620,68,12,,67.92,34.27,599.3
1621,68,13,23.7,73.64,,613.7
1622,68,14,23.07,68.94,35.88,605.2
1623,68,15,22.72,73.37,32.81,663.0
1624,68,16,21.98,76.15,38.21,663.9
1625,68,17,21.96,82.61,39.19,680.9
1626,68,18,20.39,85.92,40.13,746.2
1627,68,19,21.35,81.58,39.4,755.4
1628,68,20,21.8,,39.8,775.0
1629,68,21,22.83,80.26,35.94,729.0
1630,68,22,22.82,74.17,33.55,721.5
1631,68,23,23.31,71.24,33.08,
1632,69,0,24.46,66.76,27.73,649.0
1633,69,1,25.5,67.58,,658.4
1634,69,2,26.62,64.51,25.72,606.3
1635,69,3,27.98,61.49,24.96,569.3
1636,69,4,27.61,61.26,23.89,516.8
1637,69,5,28.58,62.24,22.2,521.2
1638,69,6,28.68,62.99,19.26,494.9
1639,69,7,28.42,66.52,20.81,519.6
1640,69,8,27.28,68.24,21.6,482.4
1641,69,9,27.05,69.5,20.43,514.6
1642,69,10,25.08,74.84,22.51,520.8
1643,69,11,24.74,76.43,23.89,568.3
1644,69,12,23.13,78.91,24.97,596.5
1645,69,13,22.41,86.62,22.66,612.1
1646,69,14,21.61,93.32,26.29,631.7
1647,69,15,21.56,94.25,25.69,636.9
1648,69,16,20.87,93.38,27.63,681.6
1649,69,17,20.17,97.77,27.47,668.2
1650,69,18,19.89,98.84,27.94,670.3
1651,69,19,20.8,97.38,31.19,679.8
1652,69,20,21.45,93.13,32.6,711.1
1653,69,21,21.83,90.29,34.79,688.2
1654,69,22,22.53,85.72,34.91,654.4
1655,69,23,22.72,78.9,34.93,630.7
1656,70,0,24.12,,30.43,545.5
1657,70,1,24.37,70.73,29.21,490.2
1658,70,2,25.96,65.22,28.26,461.4
1659,70,3,26.98,64.29,30.35,428.1
1660,70,4,28.9,64.98,28.88,380.0
1661,70,5,28.59,65.23,29.27,404.4
1662,70,6,28.65,62.53,29.78,416.4
1663,70,7,29.41,64.21,32.36,431.3
1664,70,8,29.42,64.71,32.38,431.6
1665,70,9,28.17,62.28,34.6,460.1
1666,70,10,27.31,66.88,31.79,503.9
1667,70,11,26.21,70.24,29.66,529.4
1668,70,12,25.21,81.24,26.58,575.4
1669,70,13,23.71,,30.05,588.1
1670,70,14,22.68,91.88,32.99,623.8
1671,70,15,21.04,93.85,36.04,680.5
1672,70,16,20.63,,35.53,729.0
1673,70,17,20.57,91.89,35.13,768.3
1674,70,18,20.36,86.16,35.44,769.7
1675,70,19,19.75,82.75,38.59,756.9
1676,70,20,20.85,81.19,41.65,725.5
1677,70,21,21.74,72.58,42.33,656.1
1678,70,22,22.23,68.68,41.76,600.0
1679,70,23,23.14,65.27,43.05,573.9
1680,71,0,23.53,61.66,40.85,546.8
1681,71,1,24.28,56.69,38.51,557.2
1682,71,2,25.26,53.08,36.9,561.0
1683,71,3,26.99,56.19,33.79,514.0
1684,71,4,27.41,56.09,32.71,513.8
1685,71,5,28.28,52.94,30.04,485.4
1686,71,6,28.21,52.45,32.14,496.5
1687,71,7,28.29,53.12,33.33,516.5
1688,71,8,27.88,52.53,36.45,553.0
1689,71,9,27.74,53.09,33.43,549.5
1690,71,10,26.61,59.93,38.02,592.9
1691,71,11,24.88,62.55,35.44,565.5
1692,71,12,23.33,63.54,34.03,627.9
1693,71,13,22.31,68.03,34.02,652.6
1694,71,14,21.0,72.67,37.91,676.7
1695,71,15,20.72,70.42,39.21,646.6
1696,71,16,20.09,73.89,39.33,660.2
1697,71,17,21.12,79.07,38.18,711.2
1698,71,18,20.07,81.58,35.75,703.9
1699,71,19,20.44,88.17,38.33,718.6
1700,71,20,20.37,89.99,39.71,705.7
1701,71,21,20.95,91.13,41.79,711.6
1702,71,22,22.05,95.18,41.49,686.2
1703,71,23,21.99,91.74,34.94,628.8
1704,72,0,23.5,86.24,31.67,598.2
1705,72,1,25.74,83.37,32.04,606.2
1706,72,2,26.5,76.05,30.68,582.9
1707,72,3,27.52,71.7,29.13,547.6
1708,72,4,28.69,65.95,26.75,578.9
1709,72,5,28.92,64.64,28.89,582.3
1710,72,6,28.72,61.15,30.06,582.9
1711,72,7,27.46,58.95,31.47,578.4
1712,72,8,27.63,61.36,30.74,593.5
1713,72,9,27.07,62.9,31.99,616.0
1714,72,10,25.85,59.91,30.35,570.2
1715,72,11,25.15,59.58,31.51,603.6
1716,72,12,23.97,60.92,27.93,624.5
1717,72,13,22.84,63.36,26.73,638.6
1718,72,14,22.38,69.61,28.19,660.7
1719,72,15,20.98,74.46,34.85,645.7
1720,72,16,21.08,80.92,32.4,624.8
1721,72,17,20.04,85.08,31.13,679.1
1722,72,18,19.77,88.89,32.7,699.5
1723,72,19,21.09,89.9,36.96,637.5
1724,72,20,22.04,88.56,37.38,622.3
1725,72,21,22.6,88.98,38.49,636.8
1726,72,22,22.85,87.82,37.16,611.6
1727,72,23,23.56,84.28,35.4,620.5
1728,73,0,24.7,83.17,34.84,616.8
1729,73,1,25.79,70.88,32.76,548.8
1730,73,2,26.75,66.03,33.62,518.9
1731,73,3,27.59,61.81,29.78,485.6
1732,73,4,,62.83,31.43,435.9
1733,73,5,27.88,65.58,31.39,396.2
1734,73,6,27.95,59.76,31.07,384.9
1735,73,7,28.47,64.19,28.2,386.9
1736,73,8,27.45,61.39,27.21,420.4
1737,73,9,26.92,60.1,30.97,
1738,73,10,25.85,62.69,31.79,520.0
1739,73,11,25.17,65.62,33.74,570.6
1740,73,12,24.11,65.18,33.34,594.6
1741,73,13,23.99,71.89,34.79,641.5
1742,73,14,23.27,78.1,33.45,665.2
1743,73,15,21.73,84.61,,678.2
1744,73,16,21.52,85.54,37.12,745.8
1745,73,17,20.73,86.95,38.62,693.3
1746,73,18,20.39,87.41,37.31,654.1
1747,73,19,20.81,92.03,37.0,669.6
1748,73,20,21.03,81.48,38.2,658.2
1749,73,21,22.22,76.77,37.52,610.3
1750,73,22,22.66,74.51,36.5,570.5
1751,73,23,23.39,68.38,39.75,532.2
1752,74,0,24.22,64.77,36.8,538.6
1753,74,1,25.14,61.54,38.11,547.5
1754,74,2,26.85,56.9,34.8,563.2
1755,74,3,28.03,55.08,35.48,495.6
1756,74,4,29.5,55.52,36.31,445.8
1757,74,5,30.84,53.92,34.8,406.0
1758,74,6,30.08,52.68,32.26,446.4
1759,74,7,29.78,53.42,28.72,466.6
1760,74,8,28.63,55.61,28.54,483.8
1761,74,9,27.59,53.4,30.93,511.2
1762,74,10,26.52,59.09,30.15,535.9
1763,74,11,25.15,62.24,32.01,538.2
1764,74,12,23.79,70.87,30.71,587.5
1765,74,13,22.95,76.92,32.14,616.6
1766,74,14,21.61,84.19,31.63,618.6
1767,74,15,21.51,83.98,33.28,
1768,74,16,20.57,85.37,33.81,677.3
1769,74,17,21.8,83.39,32.75,700.0
1770,74,18,21.34,82.46,,704.4
1771,74,19,21.48,86.56,31.73,726.0
1772,74,20,21.2,89.83,29.88,719.1
1773,74,21,22.79,83.75,32.74,676.8
1774,74,22,24.09,79.47,32.17,662.4
1775,74,23,25.03,75.97,27.77,643.2
1776,75,0,25.22,74.19,26.8,624.4
1777,75,1,26.35,65.13,28.91,616.9
1778,75,2,26.74,57.43,27.42,566.7
1779,75,3,28.39,57.02,30.65,555.9
1780,75,4,29.37,49.71,28.96,489.1
1781,75,5,29.68,48.38,30.34,476.6
1782,75,6,28.48,49.86,32.88,468.3
1783,75,7,28.01,52.89,34.25,511.9
1784,75,8,28.17,54.94,32.12,517.4
1785,75,9,28.26,,31.35,550.1
1786,75,10,27.95,63.74,35.14,527.3
1787,75,11,26.05,68.76,34.83,551.1
1788,75,12,25.22,71.08,38.28,565.4
1789,75,13,24.71,75.66,38.68,665.3
1790,75,14,22.82,80.93,40.23,674.3
1791,75,15,22.09,89.51,38.53,700.7
1792,75,16,21.67,93.92,38.45,722.5
1793,75,17,21.15,98.5,37.68,693.9
1794,75,18,20.15,96.25,38.97,690.2
1795,75,19,20.36,93.58,39.61,702.7
1796,75,20,20.82,91.06,40.66,696.9
1797,75,21,21.59,88.05,39.42,623.5
1798,75,22,22.32,81.82,37.18,595.8
1799,75,23,23.27,82.28,37.18,604.2
1800,76,0,24.5,80.85,34.59,594.2
1801,76,1,25.93,75.57,36.37,596.7
1802,76,2,26.84,73.57,35.56,541.3
1803,76,3,27.57,70.64,34.46,550.6
1804,76,4,28.38,69.91,35.16,
1805,76,5,27.92,63.68,34.89,553.1
1806,76,6,28.56,62.62,31.71,541.2
1807,76,7,28.6,62.91,30.31,487.5
1808,76,8,28.35,66.27,33.57,522.8
1809,76,9,28.3,66.55,34.84,529.3
1810,76,10,26.49,62.2,32.71,545.3
1811,76,11,24.73,63.52,35.08,539.8
1812,76,12,24.18,68.44,35.57,618.6
1813,76,13,23.4,73.63,35.49,636.6
1814,76,14,22.72,83.27,34.91,706.9
1815,76,15,21.81,88.37,38.65,716.8
1816,76,16,21.67,91.02,35.98,710.8
1817,76,17,21.81,92.42,35.66,757.7
1818,76,18,21.88,96.27,37.08,756.6
1819,76,19,21.81,93.62,41.01,748.5
1820,76,20,21.12,91.59,42.23,702.7
1821,76,21,22.32,85.91,40.26,675.4
1822,76,22,23.84,87.43,42.99,665.9
1823,76,23,25.06,84.82,39.46,606.8
1824,77,0,25.54,78.53,39.36,569.1
1825,77,1,26.91,74.31,39.62,535.4
1826,77,2,28.24,72.28,37.09,516.5
1827,77,3,29.71,68.31,38.01,535.5
1828,77,4,29.64,64.31,36.54,509.3
1829,77,5,29.81,61.05,37.8,481.5
1830,77,6,30.24,,34.1,549.9
1831,77,7,30.0,61.66,35.39,536.2
1832,77,8,28.93,62.16,35.33,539.2
1833,77,9,28.53,61.03,38.69,546.5
1834,77,10,27.97,65.29,39.58,563.3
1835,77,11,26.97,69.15,43.19,594.4
1836,77,12,25.98,72.84,45.14,648.4
1837,77,13,24.74,78.12,45.73,686.1
1838,77,14,24.49,84.63,48.12,737.5
1839,77,15,23.04,90.15,50.26,780.7
1840,77,16,22.06,94.22,51.43,794.5
1841,77,17,21.69,,46.79,806.2
1842,77,18,22.01,93.59,45.02,828.5
1843,77,19,21.33,90.11,47.9,784.3
1844,77,20,21.17,87.37,44.95,828.6
1845,77,21,20.99,85.73,46.29,782.1
1846,77,22,22.21,80.88,46.9,
1847,77,23,22.91,78.38,44.37,671.3
1848,78,0,24.1,72.3,39.39,608.8
1849,78,1,25.79,64.41,37.66,605.1
1850,78,2,26.62,64.72,,631.8
1851,78,3,27.78,61.19,38.88,583.3
1852,78,4,28.42,57.36,36.89,567.1
1853,78,5,29.31,53.82,34.87,554.4
1854,78,6,29.74,56.08,37.7,569.2
1855,78,7,29.26,61.89,37.6,619.9
1856,78,8,28.85,62.73,37.02,654.1
1857,78,9,28.81,65.1,40.87,648.0
1858,78,10,28.13,72.07,42.92,670.8
1859,78,11,26.39,70.45,41.99,700.5
1860,78,12,25.77,81.06,40.72,716.0
1861,78,13,24.19,92.31,44.45,707.0
1862,78,14,24.05,86.96,45.56,709.4
1863,78,15,23.68,90.01,43.4,760.3
1864,78,16,23.05,90.49,,804.2
1865,78,17,22.58,91.69,39.77,800.9
1866,78,18,22.22,91.48,38.31,803.7
1867,78,19,22.61,94.04,35.14,822.0
1868,78,20,22.7,92.47,,756.5
1869,78,21,23.38,87.65,32.87,723.4
1870,78,22,24.57,84.61,32.61,748.3
1871,78,23,25.11,83.13,36.47,718.7
1872,79,0,25.78,76.04,35.86,651.5
1873,79,1,26.23,67.95,35.42,620.8
1874,79,2,26.8,71.56,36.34,
1875,79,3,26.93,66.92,35.73,520.4
1876,79,4,28.28,64.7,36.57,510.3
1877,79,5,29.8,62.58,37.26,492.2
1878,79,6,30.64,64.37,37.79,451.3
1879,79,7,29.54,70.58,43.82,467.1
1880,79,8,29.55,73.53,,483.7
1881,79,9,29.59,70.91,,509.6
1882,79,10,28.36,70.01,45.37,532.1
1883,79,11,27.36,73.08,44.58,542.3
1884,79,12,25.24,76.87,46.51,546.6
1885,79,13,24.48,76.32,44.71,574.1
1886,79,14,23.07,83.67,43.67,638.7
1887,79,15,22.51,84.35,45.6,678.3
1888,79,16,21.22,92.35,48.54,702.4
1889,79,17,21.35,99.78,50.03,694.5
1890,79,18,21.87,99.31,51.86,
1891,79,19,21.64,100.0,52.28,721.7
1892,79,20,21.56,94.57,51.99,727.4
1893,79,21,21.31,94.29,50.11,698.8
1894,79,22,22.38,89.68,50.79,612.6
1895,79,23,23.37,82.98,51.62,579.9
1896,80,0,23.95,78.78,50.02,550.5
1897,80,1,25.62,74.1,48.38,510.3
1898,80,2,26.65,70.21,50.29,486.0
1899,80,3,27.21,,,495.8
1900,80,4,27.9,66.28,47.82,484.9
1901,80,5,29.15,70.56,47.91,505.6
1902,80,6,29.74,65.96,47.05,466.8
1903,80,7,29.6,71.7,45.1,471.6
1904,80,8,29.57,69.92,46.02,443.3
1905,80,9,28.34,72.47,46.3,466.0
1906,80,10,27.64,74.26,50.57,478.5
1907,80,11,26.83,77.16,52.53,555.1
1908,80,12,25.62,83.86,51.69,605.0
1909,80,13,24.89,92.33,53.7,667.2
1910,80,14,23.57,99.05,54.7,686.5
1911,80,15,23.1,100.0,57.57,688.5
1912,80,16,22.77,100.0,56.38,687.3
1913,80,17,20.89,100.0,56.57,715.1
1914,80,18,21.62,98.4,55.94,771.2
1915,80,19,20.33,94.63,55.44,776.5
1916,80,20,20.8,92.4,52.82,752.8
1917,80,21,22.32,91.43,53.12,728.4
1918,80,22,23.19,83.1,52.82,703.1
1919,80,23,23.61,80.49,54.07,725.2
1920,81,0,24.39,82.19,52.44,717.7
1921,81,1,26.29,82.04,50.08,682.4
1922,81,2,26.47,76.59,50.32,646.1
1923,81,3,28.2,69.45,47.41,619.8
1924,81,4,28.97,69.09,48.67,604.4
1925,81,5,28.9,61.04,49.97,572.8
1926,81,6,28.97,65.06,51.72,541.4
1927,81,7,28.57,65.6,51.8,569.2
1928,81,8,28.9,73.26,50.42,576.1
1929,81,9,28.78,70.39,50.65,614.0
1930,81,10,27.14,76.83,51.67,672.4
1931,81,11,26.18,80.32,50.92,701.7
1932,81,12,24.92,83.41,54.2,729.0
1933,81,13,24.79,83.48,,828.0
1934,81,14,23.23,89.65,54.25,839.9
1935,81,15,23.4,95.25,58.41,817.8
1936,81,16,22.74,100.0,58.48,817.2
1937,81,17,21.77,100.0,55.99,858.4
1938,81,18,21.41,100.0,54.05,816.2
1939,81,19,21.31,100.0,56.69,786.3
1940,81,20,21.29,95.5,59.46,798.9
1941,81,21,22.27,97.99,60.06,766.3
1942,81,22,22.71,92.43,60.96,734.0
1943,81,23,22.89,93.43,61.35,728.3
1944,82,0,24.2,90.76,60.22,672.3
1945,82,1,24.75,87.35,58.65,601.3
1946,82,2,25.85,82.26,57.62,540.4
1947,82,3,26.71,80.75,57.14,537.7
1948,82,4,27.38,77.76,53.86,529.4
1949,82,5,29.26,74.67,54.03,502.8
1950,82,6,29.6,75.96,55.86,474.7
1951,82,7,29.72,75.54,54.45,480.5
1952,82,8,28.52,74.26,53.24,528.8
1953,82,9,27.81,78.4,54.01,529.8
1954,82,10,27.35,81.07,52.71,543.7
1955,82,11,26.06,85.96,50.43,550.2
1956,82,12,25.74,88.14,53.48,582.8
1957,82,13,24.21,88.27,53.13,632.8
1958,82,14,23.32,97.42,53.79,722.3
1959,82,15,22.4,100.0,53.09,751.2
1960,82,16,22.06,100.0,56.12,766.9
1961,82,17,21.5,100.0,57.84,799.0
1962,82,18,21.42,100.0,56.98,816.1
1963,82,19,21.62,100.0,54.07,791.2
1964,82,20,21.83,100.0,52.84,833.5
1965,82,21,22.92,100.0,53.3,802.5
1966,82,22,23.98,100.0,52.69,774.0
1967,82,23,24.98,98.87,51.77,749.9
1968,83,0,25.86,99.4,50.98,717.8
1969,83,1,27.4,89.9,51.26,715.4
1970,83,2,28.24,87.09,49.89,657.9
1971,83,3,28.94,89.37,49.68,643.2
1972,83,4,29.68,85.59,46.72,617.2
1973,83,5,30.96,82.0,51.32,619.9
1974,83,6,30.28,76.93,50.01,598.3
1975,83,7,30.55,80.19,50.07,584.2
1976,83,8,29.14,78.55,51.13,607.8
1977,83,9,28.76,80.21,50.4,627.4
1978,83,10,28.81,79.26,50.85,623.3
1979,83,11,28.0,87.69,51.44,681.7
1980,83,12,26.94,94.6,50.33,722.6
1981,83,13,25.51,97.59,52.14,741.8
1982,83,14,24.53,97.06,49.63,750.8
1983,83,15,23.55,100.0,54.13,779.6
1984,83,16,22.53,100.0,56.16,809.4
1985,83,17,22.07,100.0,57.51,774.2
1986,83,18,22.13,98.06,53.75,787.5
1987,83,19,21.94,96.22,51.99,798.1
1988,83,20,22.06,91.13,54.5,723.5
1989,83,21,22.19,88.09,62.01,714.9
1990,83,22,23.5,88.51,62.6,711.5
1991,83,23,24.92,84.63,62.6,697.9
1992,84,0,26.16,82.72,61.41,685.5
1993,84,1,27.74,77.34,57.5,642.0
1994,84,2,28.69,74.78,57.63,584.7
1995,84,3,29.66,78.17,53.59,516.8
1996,84,4,30.37,,49.85,533.4
1997,84,5,30.63,74.44,46.54,542.1
1998,84,6,30.44,69.17,48.27,567.2
1999,84,7,31.41,74.76,48.03,548.8
2000,84,8,30.56,74.74,48.41,579.8
2001,84,9,29.47,80.37,48.8,557.5
2002,84,10,28.82,82.81,47.18,563.0
2003,84,11,27.9,88.06,46.86,600.4
2004,84,12,26.08,93.55,46.84,652.0
2005,84,13,25.68,95.48,45.35,726.0
2006,84,14,24.62,100.0,45.85,743.5
2007,84,15,23.2,100.0,,743.0
2008,84,16,23.25,100.0,47.65,739.2
2009,84,17,23.11,100.0,49.93,737.5
2010,84,18,22.24,100.0,47.86,802.7
2011,84,19,23.31,100.0,47.72,814.0
2012,84,20,23.9,100.0,51.63,823.9
2013,84,21,24.35,,49.2,789.7
2014,84,22,25.83,95.55,49.58,757.9
2015,84,23,26.61,92.15,49.05,740.7
2016,85,0,27.39,86.71,50.39,689.4
2017,85,1,27.92,82.92,49.9,646.5
2018,85,2,29.09,79.95,47.96,598.0
2019,85,3,30.04,75.16,47.26,
2020,85,4,30.53,72.76,46.77,546.1
2021,85,5,30.42,68.62,46.16,515.0
2022,85,6,30.61,75.84,43.38,522.4
2023,85,7,30.41,79.29,46.25,536.1
2024,85,8,29.33,81.02,48.77,544.8
2025,85,9,28.09,86.31,47.09,544.8
2026,85,10,27.79,82.52,47.32,576.8
2027,85,11,25.66,78.34,47.9,596.5
2028,85,12,25.1,81.83,46.73,633.6
2029,85,13,24.11,82.43,44.35,696.0
2030,85,14,24.07,86.59,44.64,692.9
2031,85,15,23.08,91.5,45.49,776.1
2032,85,16,22.89,97.61,43.98,788.6
2033,85,17,22.32,96.22,45.68,807.2
2034,85,18,22.3,98.8,48.96,787.8
2035,85,19,22.85,98.95,51.01,811.0
2036,85,20,22.97,99.04,50.65,790.6
2037,85,21,24.12,95.45,46.61,757.7
2038,85,22,24.36,96.99,47.84,716.5
2039,85,23,25.5,93.01,47.58,681.4
2040,86,0,26.99,94.43,47.74,662.2
2041,86,1,28.26,87.53,50.81,635.2
2042,86,2,30.03,85.85,48.01,604.3
2043,86,3,30.17,82.05,41.43,561.0
2044,86,4,29.95,78.24,39.27,524.8
2045,86,5,29.86,78.38,40.57,
2046,86,6,30.42,76.51,41.04,519.2
2047,86,7,30.55,68.73,39.25,542.9
2048,86,8,30.17,61.74,37.5,575.0
2049,86,9,28.93,69.65,38.33,591.2
2050,86,10,28.56,77.5,37.55,623.3
2051,86,11,26.97,87.26,40.6,644.5
2052,86,12,26.63,90.83,41.65,629.7
2053,86,13,,90.62,42.27,659.9
2054,86,14,25.91,93.25,42.59,684.1
2055,86,15,25.09,96.78,44.88,688.4
2056,86,16,23.92,96.48,46.4,701.7
2057,86,17,22.44,100.0,47.91,726.4
2058,86,18,22.04,100.0,49.0,709.6
2059,86,19,21.72,100.0,49.21,698.3
2060,86,20,21.58,100.0,47.21,736.6
2061,86,21,23.37,100.0,45.73,681.5
2062,86,22,24.39,100.0,44.82,661.6
2063,86,23,25.57,,48.7,612.2
2064,87,0,26.43,93.14,45.19,574.1
2065,87,1,27.39,90.19,43.79,551.0
2066,87,2,28.86,84.2,43.53,509.0
2067,87,3,29.6,81.19,42.53,512.1
2068,87,4,30.45,74.13,44.5,536.2
2069,87,5,30.65,76.1,43.68,548.2
2070,87,6,,75.07,43.31,569.0
2071,87,7,29.7,78.91,45.33,534.2
2072,87,8,28.44,79.25,49.41,541.5
2073,87,9,27.98,80.82,52.56,574.3
2074,87,10,27.44,79.97,52.56,621.0
2075,87,11,26.04,86.02,52.95,690.5
2076,87,12,25.29,87.14,53.66,738.9
2077,87,13,24.52,89.76,54.61,780.4
2078,87,14,22.66,93.72,53.5,861.7
2079,87,15,21.74,97.49,56.03,867.5
2080,87,16,21.69,94.97,56.73,860.8
2081,87,17,21.75,96.58,56.69,862.5
2082,87,18,21.21,100.0,53.97,830.6
2083,87,19,21.67,99.02,53.94,820.4
2084,87,20,22.77,97.34,49.71,758.4
2085,87,21,23.84,95.95,48.26,726.7
2086,87,22,24.58,92.86,46.73,701.5
2087,87,23,25.29,86.53,46.83,698.8
2088,88,0,26.04,83.24,49.94,694.1
2089,88,1,27.39,82.98,50.01,633.6
2090,88,2,28.47,76.4,51.8,655.6
2091,88,3,29.61,72.72,51.84,625.8
2092,88,4,30.25,66.8,52.95,604.9
2093,88,5,30.99,69.16,55.57,544.8
2094,88,6,31.04,68.94,52.98,524.8
2095,88,7,31.18,67.43,50.78,557.1
2096,88,8,31.04,69.98,52.0,571.0
2097,88,9,29.78,69.39,52.03,590.2
2098,88,10,27.94,70.39,52.76,618.1
2099,88,11,27.85,70.87,52.69,607.9
2100,88,12,26.87,73.17,52.1,639.3
2101,88,13,24.89,82.93,56.11,708.2
2102,88,14,23.67,85.44,54.3,761.3
2103,88,15,23.38,91.17,56.21,776.4
2104,88,16,,91.95,57.48,829.4
2105,88,17,22.05,96.82,54.25,799.6
2106,88,18,22.72,94.94,52.62,775.3
2107,88,19,22.27,95.52,51.22,818.0
2108,88,20,22.33,95.01,52.14,813.6
2109,88,21,23.19,100.0,50.82,779.3
2110,88,22,24.29,98.89,49.94,747.4
2111,88,23,25.53,93.07,46.18,693.6
2112,89,0,26.99,91.09,50.19,668.5
2113,89,1,28.01,93.23,49.19,640.5
2114,89,2,29.1,83.6,49.11,609.6
2115,89,3,29.66,77.56,47.0,553.7
2116,89,4,30.24,74.41,44.97,543.8
2117,89,5,30.61,71.7,48.46,519.7
2118,89,6,30.79,70.36,44.15,493.9
2119,89,7,30.96,67.23,44.92,535.9
2120,89,8,30.69,73.64,42.91,602.6
2121,89,9,29.91,71.87,42.99,662.5
2122,89,10,28.53,74.97,42.85,689.7
2123,89,11,27.57,82.33,42.24,697.7
2124,89,12,26.49,86.26,43.9,715.9
2125,89,13,25.52,87.34,40.28,747.8
2126,89,14,25.62,87.38,41.57,756.9
2127,89,15,24.28,90.68,43.13,808.3
2128,89,16,23.7,91.66,41.88,766.0
2129,89,17,23.67,94.8,46.33,769.4
2130,89,18,23.35,91.93,45.9,793.5
2131,89,19,24.45,,45.95,765.3
2132,89,20,24.27,94.7,45.02,747.9
2133,89,21,24.79,93.53,44.91,745.0
2134,89,22,24.96,95.23,47.34,757.0
2135,89,23,25.62,90.21,51.64,689.1
2136,90,0,26.71,84.22,51.88,623.0
2137,90,1,28.09,79.01,52.67,572.7
2138,90,2,29.07,75.29,54.6,512.6
2139,90,3,30.37,72.38,53.44,463.1
2140,90,4,30.71,67.96,55.15,435.3
2141,90,5,30.76,61.08,55.3,471.0
2142,90,6,32.13,60.21,54.36,468.8
2143,90,7,31.82,63.17,,483.1
2144,90,8,30.73,66.14,49.95,479.1
2145,90,9,29.55,73.0,50.64,524.2
2146,90,10,28.16,82.32,47.84,602.2
2147,90,11,27.69,87.8,45.37,607.3
2148,90,12,26.39,95.19,46.96,683.3
2149,90,13,25.4,100.0,45.86,718.5
2150,90,14,24.37,100.0,47.13,742.3
2151,90,15,23.88,100.0,48.51,772.3
2152,90,16,22.73,100.0,49.73,795.5
2153,90,17,21.81,100.0,48.48,847.7
2154,90,18,21.9,100.0,50.73,852.4
2155,90,19,,100.0,50.51,849.4
2156,90,20,22.96,100.0,51.1,814.2
2157,90,21,23.15,100.0,48.08,806.9
2158,90,22,24.37,100.0,47.13,747.1
2159,90,23,24.93,96.4,48.61,715.1
2160,91,0,25.76,84.64,49.51,750.8
2161,91,1,26.41,86.05,46.68,641.8
2162,91,2,28.19,81.25,44.6,614.9
2163,91,3,29.34,79.13,41.88,592.8
2164,91,4,30.22,80.61,40.2,563.5
2165,91,5,31.13,79.03,37.37,543.4
2166,91,6,32.45,81.88,37.56,539.8
2167,91,7,31.01,77.28,39.54,535.6
2168,91,8,30.05,85.19,38.75,552.5
2169,91,9,29.02,89.28,39.7,557.9
2170,91,10,27.76,91.25,40.55,633.8
2171,91,11,26.34,97.5,44.08,649.3
2172,91,12,25.32,95.92,44.08,689.5
2173,91,13,23.85,97.62,44.26,697.2
2174,91,14,23.3,100.0,43.91,746.4
2175,91,15,22.67,100.0,42.96,783.4
2176,91,16,22.4,100.0,45.33,805.0
2177,91,17,22.31,100.0,45.96,782.8
2178,91,18,22.46,100.0,46.67,764.8
2179,91,19,22.34,100.0,49.49,802.8
2180,91,20,23.79,100.0,51.87,765.3
2181,91,21,24.31,100.0,47.76,
2182,91,22,24.0,97.14,48.4,706.5
2183,91,23,24.48,89.22,47.9,702.4
2184,92,0,24.76,81.95,45.91,649.9
2185,92,1,26.07,79.56,45.59,593.8
2186,92,2,27.18,72.69,41.15,549.7
2187,92,3,27.96,72.28,43.57,516.0
2188,92,4,29.79,68.05,43.96,513.3
2189,92,5,30.41,63.27,41.72,506.8
2190,92,6,30.81,61.92,40.48,478.2
2191,92,7,30.06,64.27,37.38,488.1
2192,92,8,29.13,65.54,37.64,477.1
2193,92,9,28.59,68.66,37.81,521.3
2194,92,10,27.9,74.38,36.53,572.1
2195,92,11,26.03,81.46,39.8,601.7
2196,92,12,25.11,84.19,43.9,640.8
2197,92,13,24.27,84.86,45.08,715.6
2198,92,14,23.34,89.0,45.62,733.9
2199,92,15,22.23,93.74,47.53,730.0
2200,92,16,21.52,91.76,48.24,762.8
2201,92,17,21.23,91.12,46.57,743.5
2202,92,18,21.32,90.26,45.69,744.1
2203,92,19,21.89,90.06,45.36,727.2
2204,92,20,22.87,87.17,45.86,701.8
2205,92,21,23.29,87.96,45.56,682.5
2206,92,22,23.86,80.7,45.42,686.3
2207,92,23,25.06,73.5,41.61,686.7
2208,93,0,26.37,70.19,42.38,676.1
2209,93,1,27.11,67.28,41.65,647.7
2210,93,2,28.44,60.67,46.05,606.0
2211,93,3,29.66,57.47,44.16,517.9
2212,93,4,30.76,55.61,43.99,513.1
2213,93,5,31.77,54.59,49.02,447.0
2214,93,6,31.08,56.12,48.49,405.8
2215,93,7,30.71,55.99,47.74,422.4
2216,93,8,30.13,63.33,45.5,455.6
2217,93,9,29.29,67.87,48.79,474.8
2218,93,10,28.02,68.98,46.63,549.3
2219,93,11,26.29,73.55,48.06,593.7
2220,93,12,25.42,78.34,47.72,620.0
2221,93,13,24.09,86.28,48.07,687.9
2222,93,14,23.32,88.02,45.95,752.5
2223,93,15,22.2,93.57,49.53,781.4
2224,93,16,21.18,95.92,49.4,771.6
2225,93,17,21.14,100.0,47.22,764.7
2226,93,18,21.24,100.0,49.97,730.3
2227,93,19,21.79,100.0,48.67,728.5
2228,93,20,23.31,100.0,48.89,693.3
2229,93,21,23.9,99.42,49.83,672.4
2230,93,22,24.79,94.86,49.67,660.7
2231,93,23,25.02,95.53,43.96,586.9
2232,94,0,25.36,90.61,44.44,535.6
2233,94,1,27.27,84.36,43.17,506.2
2234,94,2,27.68,78.48,41.53,490.0
2235,94,3,28.01,71.12,40.52,464.9
2236,94,4,28.74,70.28,36.72,451.2
2237,94,5,,66.01,37.08,432.8
2238,94,6,28.97,68.81,34.5,404.7
2239,94,7,28.83,65.05,34.59,411.1
2240,94,8,29.2,67.04,35.82,433.1
2241,94,9,28.17,72.92,39.04,458.3
2242,94,10,26.72,69.18,38.41,498.8
2243,94,11,26.43,79.28,42.59,548.6
2244,94,12,25.7,81.53,45.5,604.0
2245,94,13,24.36,,45.47,622.9
2246,94,14,22.67,90.78,44.11,617.8
2247,94,15,21.67,95.66,42.17,684.9
2248,94,16,21.25,98.25,43.74,717.7
2249,94,17,21.62,100.0,42.96,707.8
2250,94,18,21.01,100.0,45.9,724.0
2251,94,19,21.23,100.0,44.53,750.0
2252,94,20,22.09,100.0,42.57,780.1
2253,94,21,,100.0,42.79,759.7
2254,94,22,23.15,100.0,40.88,754.0
2255,94,23,23.62,93.72,40.34,
2256,95,0,25.02,96.4,41.63,648.3
2257,95,1,26.3,88.73,40.94,605.3
2258,95,2,27.88,87.98,40.29,583.2
2259,95,3,28.93,82.98,39.91,595.7
2260,95,4,28.28,82.03,35.87,574.4
2261,95,5,28.44,76.53,36.58,530.8
2262,95,6,28.85,76.43,36.97,491.6
2263,95,7,28.77,74.66,39.04,538.6
2264,95,8,28.74,79.63,40.6,558.7
2265,95,9,28.56,81.65,40.66,582.9
2266,95,10,,85.91,43.43,592.4
2267,95,11,26.84,81.24,43.49,623.5
2268,95,12,24.83,84.05,44.78,624.9
2269,95,13,23.71,88.47,44.93,665.1
2270,95,14,23.12,,46.63,662.8
2271,95,15,21.83,97.22,46.44,681.4
2272,95,16,21.68,97.48,50.21,688.0
2273,95,17,21.81,98.34,54.16,624.0
2274,95,18,21.71,100.0,55.2,636.2
2275,95,19,20.27,93.27,57.2,625.2
2276,95,20,20.3,93.42,52.56,624.5
2277,95,21,22.23,89.7,48.34,620.3
2278,95,22,22.87,83.68,46.48,652.1
2279,95,23,22.96,81.23,45.3,634.8
2280,96,0,24.91,81.04,43.6,614.3
2281,96,1,26.06,79.84,39.06,596.2
2282,96,2,27.67,75.04,40.53,587.7
2283,96,3,28.59,73.92,43.89,569.7
2284,96,4,29.39,73.26,45.27,552.1
2285,96,5,29.88,70.4,46.29,552.0
2286,96,6,30.24,66.86,45.71,479.6
2287,96,7,31.08,64.87,43.3,538.4
2288,96,8,30.81,68.58,43.24,584.5
2289,96,9,29.0,70.26,47.51,598.1
2290,96,10,28.24,69.73,46.7,577.5
2291,96,11,,68.22,45.98,633.4
2292,96,12,26.99,75.13,48.61,639.7
2293,96,13,25.42,77.53,51.21,680.4
2294,96,14,24.82,82.47,49.53,672.1
2295,96,15,24.17,89.45,49.15,752.9
2296,96,16,24.49,87.6,48.22,727.8
2297,96,17,23.2,89.15,48.34,740.0
2298,96,18,22.46,89.32,50.29,689.5
2299,96,19,22.22,90.15,47.96,690.9
2300,96,20,22.23,92.4,49.37,674.0
2301,96,21,22.35,85.6,48.38,689.7
2302,96,22,21.82,84.3,51.68,655.4
2303,96,23,22.87,83.65,50.41,657.4
2304,97,0,24.37,78.71,48.26,598.6
2305,97,1,25.34,74.04,,562.4
2306,97,2,27.47,71.39,45.07,529.6
2307,97,3,28.27,68.9,39.95,520.4
2308,97,4,29.52,67.76,,511.3
2309,97,5,29.89,67.29,37.43,516.7
2310,97,6,30.29,63.04,33.97,515.9
2311,97,7,30.09,66.17,34.15,532.7
2312,97,8,30.18,70.5,30.59,516.4
2313,97,9,29.28,72.42,31.09,543.5
2314,97,10,28.46,70.07,32.98,605.7
2315,97,11,27.43,73.02,34.6,584.1
2316,97,12,26.02,77.22,35.21,626.4
2317,97,13,25.03,77.37,36.5,671.7
2318,97,14,25.01,80.04,36.3,732.3
2319,97,15,23.68,79.16,37.66,765.6
2320,97,16,23.0,84.08,38.86,776.2
2321,97,17,,86.47,37.85,789.2
2322,97,18,23.08,82.33,39.05,765.0
2323,97,19,22.84,83.7,39.85,745.5
2324,97,20,21.74,82.63,39.43,696.7
2325,97,21,22.63,82.33,43.95,716.8
2326,97,22,22.29,78.33,42.63,699.3
2327,97,23,24.16,72.68,40.94,642.4
2328,98,0,25.27,67.1,38.97,617.3
2329,98,1,26.78,62.41,35.98,613.4
2330,98,2,27.17,,36.57,603.4
2331,98,3,27.22,57.86,34.39,546.5
2332,98,4,28.13,55.52,32.77,445.1
2333,98,5,28.6,53.36,31.54,
2334,98,6,28.57,52.47,29.75,430.5
2335,98,7,28.58,61.22,26.87,458.2
2336,98,8,29.64,60.12,27.12,498.3
2337,98,9,29.21,60.85,30.3,545.4
2338,98,10,28.64,74.05,32.05,609.8
2339,98,11,27.79,77.92,36.57,659.6
2340,98,12,27.16,,39.18,721.1
2341,98,13,25.61,82.59,41.17,768.8
2342,98,14,23.3,82.79,45.71,814.1
2343,98,15,22.33,88.33,45.79,815.1
2344,98,16,22.08,89.49,46.07,782.6
2345,98,17,21.09,89.22,46.0,845.0
2346,98,18,20.88,94.31,48.81,831.5
2347,98,19,20.7,94.69,48.0,841.5
2348,98,20,21.95,95.19,45.68,797.0
2349,98,21,22.88,92.95,45.79,788.1
2350,98,22,23.89,87.31,42.82,686.7
2351,98,23,24.99,84.63,42.62,643.4
2352,99,0,25.8,83.36,42.03,608.0
2353,99,1,26.77,78.55,40.18,587.2
2354,99,2,27.0,79.1,39.99,582.2
2355,99,3,26.73,76.8,35.75,523.5
2356,99,4,27.65,73.21,35.34,519.5
2357,99,5,28.37,70.75,33.89,534.4
2358,99,6,29.2,69.05,39.45,581.1
2359,99,7,29.8,64.34,39.29,587.4
2360,99,8,29.99,64.72,37.92,572.1
2361,99,9,28.54,67.05,35.4,547.6
2362,99,10,27.38,68.19,38.75,612.9
2363,99,11,26.57,72.32,38.66,648.9
2364,99,12,26.68,75.71,37.86,666.9
2365,99,13,26.03,81.4,39.5,646.9
2366,99,14,25.2,86.27,41.63,649.7
2367,99,15,23.72,88.99,43.47,691.3
2368,99,16,22.31,86.42,43.79,717.6
2369,99,17,22.13,93.02,44.17,678.2
2370,99,18,21.23,92.22,44.44,703.1
2371,99,19,21.18,90.73,44.62,661.6
2372,99,20,21.49,87.58,44.68,690.9
2373,99,21,22.91,83.3,45.79,678.2
2374,99,22,23.38,84.61,44.46,642.0
2375,99,23,23.03,84.4,41.29,639.7
2376,100,0,24.47,80.69,39.61,615.3
2377,100,1,25.24,75.29,39.79,614.1
2378,100,2,26.35,72.51,34.83,579.5
2379,100,3,27.24,68.5,30.41,551.2
2380,100,4,27.82,64.52,31.94,518.6
2381,100,5,28.71,63.2,34.69,508.8
2382,100,6,28.08,60.5,31.81,542.4
2383,100,7,27.83,61.16,32.21,523.5
2384,100,8,27.95,62.63,31.84,544.6
2385,100,9,27.07,66.19,32.06,533.3
2386,100,10,25.55,66.65,,502.5
2387,100,11,25.17,71.92,32.08,541.1
2388,100,12,24.83,72.41,,584.3
2389,100,13,23.77,74.29,32.14,613.7
2390,100,14,21.82,76.28,33.32,606.6
2391,100,15,21.54,76.31,32.37,645.7
2392,100,16,20.16,82.25,35.24,676.0
2393,100,17,20.14,80.92,35.23,668.6
2394,100,18,19.72,79.74,34.98,644.5
2395,100,19,19.48,83.6,35.91,644.0
2396,100,20,19.94,80.46,35.64,657.6
2397,100,21,20.76,77.78,37.05,654.4
2398,100,22,21.5,71.93,34.52,610.6
2399,100,23,23.01,71.43,31.09,591.0
2400,101,0,23.96,70.33,30.0,586.5
2401,101,1,25.64,68.56,29.66,526.6
2402,101,2,26.77,66.19,26.72,503.9
2403,101,3,27.24,62.79,23.81,516.3
2404,101,4,27.51,58.35,24.44,463.5
2405,101,5,27.22,54.16,23.29,483.6
2406,101,6,27.78,57.59,21.09,518.3
2407,101,7,27.65,,24.21,509.4
2408,101,8,26.25,58.77,24.09,507.2
2409,101,9,25.73,60.95,27.81,548.6
2410,101,10,24.81,62.86,29.18,562.0
2411,101,11,25.01,62.93,31.16,526.9
2412,101,12,23.27,67.61,32.09,559.9
2413,101,13,21.8,70.4,28.14,606.9
2414,101,14,21.76,71.45,27.65,656.0
2415,101,15,21.79,70.7,29.19,657.5
2416,101,16,20.8,69.44,31.45,672.0
2417,101,17,20.16,71.3,28.99,711.2
2418,101,18,20.46,72.99,30.03,712.4
2419,101,19,19.48,71.13,28.56,669.2
2420,101,20,19.21,73.03,29.68,693.1
2421,101,21,20.1,71.47,29.89,668.2
2422,101,22,22.05,71.02,31.35,671.0
2423,101,23,22.92,67.46,33.09,603.4
2424,102,0,24.14,61.8,33.27,571.3
2425,102,1,25.84,,34.13,555.1
2426,102,2,27.83,52.31,32.45,523.9
2427,102,3,28.13,51.85,37.31,469.7
2428,102,4,28.62,47.36,33.72,395.5
2429,102,5,29.83,49.57,32.04,434.4
2430,102,6,28.94,48.55,33.6,441.7
2431,102,7,29.25,52.81,34.97,478.4
2432,102,8,28.19,51.05,35.94,512.2
2433,102,9,27.58,51.89,37.46,541.4
2434,102,10,26.61,56.82,33.57,551.9
2435,102,11,25.16,64.4,37.64,589.0
2436,102,12,23.73,73.25,37.87,650.4
2437,102,13,23.01,76.63,41.08,673.6
2438,102,14,22.65,85.19,37.44,741.3
2439,102,15,21.75,86.26,38.7,714.0
2440,102,16,21.15,91.02,38.09,686.1
2441,102,17,21.03,88.47,39.63,723.0
2442,102,18,20.35,89.51,40.28,703.0
2443,102,19,20.9,81.18,,750.1
2444,102,20,21.68,76.45,37.96,763.9
2445,102,21,23.5,75.98,37.22,772.9
2446,102,22,23.79,69.22,36.04,754.4
2447,102,23,24.28,67.61,36.11,685.7
2448,103,0,25.55,66.92,36.99,602.4
2449,103,1,26.8,61.63,36.01,605.7
2450,103,2,27.26,55.36,32.23,531.2
2451,103,3,27.75,51.4,31.63,544.6
2452,103,4,28.58,46.79,36.21,535.2
2453,103,5,28.46,45.92,38.58,512.8
2454,103,6,28.38,46.58,31.68,512.8
2455,103,7,28.32,,31.81,520.9
2456,103,8,28.44,54.14,,519.6
2457,103,9,27.42,54.41,33.9,568.1
2458,103,10,25.66,61.98,33.57,617.0
2459,103,11,23.91,62.23,33.87,635.6
2460,103,12,22.58,66.49,,638.9
2461,103,13,21.28,74.03,34.52,694.0
2462,103,14,20.69,80.71,,660.2
2463,103,15,19.63,81.85,38.48,693.3
2464,103,16,19.06,85.43,37.1,726.8
2465,103,17,18.68,87.58,39.81,711.8
2466,103,18,18.72,85.77,36.68,738.1
2467,103,19,19.88,86.69,35.58,727.8
2468,103,20,20.77,90.19,34.28,697.5
2469,103,21,21.47,88.02,38.27,700.7
2470,103,22,22.11,85.39,35.94,643.4
2471,103,23,22.94,82.51,30.69,635.8
2472,104,0,24.25,72.87,28.93,551.6
2473,104,1,25.63,69.69,29.33,532.1
2474,104,2,26.13,62.25,30.3,506.9
2475,104,3,,57.07,34.21,470.6
2476,104,4,26.73,61.1,36.09,465.0
2477,104,5,27.49,58.01,35.52,452.8
2478,104,6,28.18,54.63,33.07,476.9
2479,104,7,27.97,58.3,36.15,492.5
2480,104,8,28.56,56.27,35.22,
2481,104,9,27.37,57.05,34.07,532.7
2482,104,10,26.64,63.84,33.78,540.2
2483,104,11,25.63,67.07,32.07,558.6
2484,104,12,,65.8,32.26,594.4
2485,104,13,23.43,71.46,33.01,619.0
2486,104,14,22.53,73.83,35.64,674.6
2487,104,15,22.12,81.64,35.73,696.6
2488,104,16,22.09,81.72,33.94,720.4
2489,104,17,21.48,86.17,31.48,691.8
2490,104,18,21.58,91.45,32.68,720.1
2491,104,19,21.15,87.25,33.22,698.5
2492,104,20,21.83,84.48,32.17,
2493,104,21,21.93,82.72,31.13,685.7
2494,104,22,23.25,76.43,31.65,675.2
2495,104,23,25.17,73.39,33.9,665.4
2496,105,0,25.8,,31.42,637.6
2497,105,1,25.48,63.73,30.81,595.5
2498,105,2,26.18,60.18,31.98,552.6
2499,105,3,27.69,57.21,29.6,542.3
2500,105,4,28.53,55.22,29.09,544.5
2501,105,5,28.94,51.77,28.76,520.5
2502,105,6,29.47,49.68,26.13,559.8
2503,105,7,29.38,50.12,26.99,544.0
2504,105,8,29.39,51.77,27.77,509.1
2505,105,9,28.92,53.1,29.79,480.2
2506,105,10,28.54,57.57,28.38,465.1
2507,105,11,27.34,55.98,29.73,491.9
2508,105,12,26.4,58.52,33.85,525.7
2509,105,13,24.83,62.58,39.06,582.0
2510,105,14,23.29,64.63,42.18,614.6
2511,105,15,23.16,73.81,40.04,664.3
2512,105,16,22.33,76.71,41.25,684.6
2513,105,17,22.08,79.13,40.31,696.9
2514,105,18,21.72,78.48,40.77,686.4
2515,105,19,21.32,78.35,38.82,719.9
2516,105,20,21.59,73.59,34.9,666.1
2517,105,21,22.83,71.47,33.84,657.2
2518,105,22,23.71,66.3,34.76,629.0
2519,105,23,23.57,62.84,34.5,621.3
2520,106,0,,52.25,34.33,588.2
2521,106,1,26.41,46.77,33.7,556.2
2522,106,2,,49.51,33.48,519.5
2523,106,3,26.91,50.11,33.57,529.6
2524,106,4,28.58,52.45,,505.5
2525,106,5,29.2,55.32,31.77,538.4
2526,106,6,29.13,56.51,34.97,530.1
2527,106,7,28.69,55.14,34.91,524.3
2528,106,8,28.77,53.23,34.93,523.7
2529,106,9,27.7,59.17,35.35,549.8
2530,106,10,27.38,62.17,35.34,551.9
2531,106,11,26.51,72.97,35.12,579.8
2532,106,12,25.41,74.61,36.37,606.5
2533,106,13,24.27,83.52,36.18,641.9
2534,106,14,23.06,85.19,36.76,675.1
2535,106,15,22.65,91.05,35.95,704.9
2536,106,16,21.39,96.95,36.92,720.5
2537,106,17,20.11,93.39,38.57,766.4
2538,106,18,20.39,91.06,38.24,770.6
2539,106,19,20.87,86.4,34.09,821.3
2540,106,20,21.47,80.67,35.28,791.9
2541,106,21,22.23,80.26,35.13,780.8
2542,106,22,22.79,76.29,32.52,720.6
2543,106,23,24.1,72.67,33.48,714.9
2544,107,0,24.99,70.3,29.84,650.9
2545,107,1,25.69,60.51,31.35,620.8
2546,107,2,26.48,61.13,30.47,574.8
2547,107,3,28.33,56.84,25.3,553.3
2548,107,4,27.91,56.07,25.65,519.9
2549,107,5,28.58,56.26,24.98,481.9
2550,107,6,27.84,59.48,24.29,468.7
2551,107,7,27.79,58.86,23.57,510.3
2552,107,8,27.3,53.3,24.42,527.4
2553,107,9,25.77,56.03,24.75,506.9
2554,107,10,25.46,59.87,22.56,557.8
2555,107,11,24.52,60.43,27.07,559.1
2556,107,12,22.65,65.17,28.27,607.6
2557,107,13,22.42,68.28,28.48,648.8
2558,107,14,22.4,68.28,27.9,687.9
2559,107,15,22.35,74.25,31.15,752.4
2560,107,16,21.77,75.46,29.82,738.1
2561,107,17,21.26,76.39,31.32,757.7
2562,107,18,21.68,76.24,31.02,784.5
2563,107,19,22.44,80.24,30.61,752.1
2564,107,20,23.06,78.89,28.8,713.6
2565,107,21,22.84,77.01,27.87,683.5
2566,107,22,23.55,72.78,28.04,664.5
2567,107,23,24.54,70.89,28.43,597.2
2568,108,0,24.48,71.19,26.57,582.6
2569,108,1,25.77,68.89,26.18,516.6
2570,108,2,27.85,66.79,27.77,525.4
2571,108,3,28.75,64.78,24.13,513.3
2572,108,4,29.86,57.4,24.28,540.0
2573,108,5,29.99,53.03,22.71,535.8
2574,108,6,29.79,52.0,21.31,514.1
2575,108,7,29.61,50.5,22.94,490.8
2576,108,8,28.58,49.22,23.08,505.5
2577,108,9,27.36,46.74,22.14,520.2
2578,108,10,27.18,47.15,26.63,571.7
2579,108,11,26.79,51.66,30.09,570.5
2580,108,12,25.04,56.9,27.67,649.7
2581,108,13,24.41,59.81,26.51,703.0
2582,108,14,23.24,65.19,,714.0
2583,108,15,22.46,68.32,30.67,773.6
2584,108,16,21.93,75.3,35.05,757.7
2585,108,17,21.88,77.09,37.06,764.7
2586,108,18,21.56,80.44,38.01,727.5
2587,108,19,22.22,80.95,35.97,766.4
2588,108,20,22.49,75.54,36.89,
2589,108,21,23.18,73.65,33.91,646.7
2590,108,22,23.33,67.56,36.13,609.7
2591,108,23,25.24,64.69,36.15,619.5
2592,109,0,26.19,59.57,33.51,612.1
2593,109,1,27.28,57.98,34.3,580.4
2594,109,2,27.13,51.21,37.85,573.4
2595,109,3,27.46,49.41,36.16,538.8
2596,109,4,28.73,49.86,36.3,525.0
2597,109,5,29.16,51.86,34.64,548.2
2598,109,6,28.22,49.42,34.4,526.6
2599,109,7,28.7,50.58,31.26,502.8
2600,109,8,28.0,53.16,31.73,522.0
2601,109,9,28.11,60.59,,554.0
2602,109,10,27.12,59.06,37.01,574.2
2603,109,11,26.18,60.31,34.08,621.5
2604,109,12,25.65,73.26,34.64,638.0
2605,109,13,23.98,75.9,38.39,665.0
2606,109,14,22.47,73.57,38.74,696.7
2607,109,15,21.59,75.38,39.16,721.7
2608,109,16,21.44,70.07,38.11,774.1
2609,109,17,20.34,73.83,36.8,783.3
2610,109,18,19.48,78.04,33.61,768.3
2611,109,19,20.28,75.63,32.88,768.8
2612,109,20,20.51,73.79,31.23,772.7
2613,109,21,21.11,75.3,31.69,761.3
2614,109,22,21.17,67.6,30.03,741.7
2615,109,23,22.12,61.23,28.95,661.7
2616,110,0,23.48,,27.86,562.5
2617,110,1,25.24,53.53,27.59,567.7
2618,110,2,25.94,50.59,26.36,548.7
2619,110,3,27.77,45.18,24.23,520.9
2620,110,4,28.03,45.2,24.72,517.2
2621,110,5,28.14,44.74,27.3,549.1
2622,110,6,29.15,47.24,27.98,569.5
2623,110,7,29.05,49.37,27.37,583.2
2624,110,8,28.3,52.31,28.08,557.1
2625,110,9,27.59,51.01,25.14,547.1
2626,110,10,27.45,56.7,26.58,506.6
2627,110,11,27.1,60.13,27.57,555.4
2628,110,12,25.41,64.35,27.58,615.3
2629,110,13,24.24,72.17,28.05,673.0
2630,110,14,23.24,73.97,29.19,711.7
2631,110,15,21.84,81.69,33.0,724.2
2632,110,16,21.22,88.42,36.51,722.5
2633,110,17,20.86,91.67,35.47,710.3
2634,110,18,21.32,88.54,,710.4
2635,110,19,21.97,81.21,34.62,682.7
2636,110,20,22.02,83.51,36.49,718.9
2637,110,21,22.43,81.58,36.58,664.5
2638,110,22,23.52,76.31,36.3,
2639,110,23,24.07,76.55,36.72,562.7
2640,111,0,25.36,69.96,34.67,548.8
2641,111,1,26.26,65.02,36.65,524.9
2642,111,2,26.68,63.33,35.67,493.2
2643,111,3,27.08,57.0,33.12,451.7
2644,111,4,28.57,54.81,32.2,441.8
2645,111,5,28.86,57.08,34.47,424.0
2646,111,6,29.81,57.26,33.42,425.2
2647,111,7,29.24,61.5,35.5,486.2
2648,111,8,28.9,65.94,34.49,502.0
2649,111,9,29.37,67.55,33.59,533.3
2650,111,10,27.69,62.94,35.89,543.6
2651,111,11,25.64,63.48,35.12,552.3
2652,111,12,25.32,70.26,37.99,585.2
2653,111,13,23.8,69.76,39.74,681.0
2654,111,14,22.86,73.2,38.9,695.3
2655,111,15,21.76,78.16,39.71,723.9
2656,111,16,21.34,85.57,39.38,716.5
2657,111,17,20.51,85.37,40.72,657.8
2658,111,18,20.41,84.18,44.78,651.0
2659,111,19,20.89,83.96,43.66,716.9
2660,111,20,20.84,83.94,44.19,719.9
2661,111,21,21.27,81.34,43.38,739.7
2662,111,22,22.11,81.67,42.4,698.2
2663,111,23,22.55,75.54,40.92,604.9
2664,112,0,23.67,72.21,38.04,550.4
2665,112,1,25.04,69.79,37.74,537.1
2666,112,2,26.02,64.94,36.2,519.3
2667,112,3,26.92,64.48,33.62,497.7
2668,112,4,27.74,62.35,35.25,468.5
2669,112,5,27.97,63.01,35.06,
2670,112,6,28.65,62.62,34.47,468.6
2671,112,7,29.32,63.8,37.34,482.7
2672,112,8,28.62,62.86,33.85,500.4
2673,112,9,28.21,63.12,37.21,510.3
2674,112,10,27.21,69.92,36.19,514.6
2675,112,11,26.41,75.04,37.67,537.4
2676,112,12,26.11,75.27,37.59,620.8
2677,112,13,25.13,79.56,36.95,677.4
2678,112,14,23.07,75.89,40.88,725.8
2679,112,15,22.49,77.98,45.47,722.0
2680,112,16,22.43,84.09,45.35,700.6
2681,112,17,21.77,85.61,46.18,741.5
2682,112,18,22.04,86.88,46.15,765.4
2683,112,19,21.66,77.65,49.22,759.0
2684,112,20,21.25,76.35,44.03,732.4
2685,112,21,22.05,76.35,44.06,673.6
2686,112,22,22.06,75.73,41.63,673.3
2687,112,23,23.13,75.79,35.97,673.3
2688,113,0,25.02,71.65,34.71,620.2
2689,113,1,25.14,67.67,37.89,568.3
2690,113,2,25.68,60.48,35.72,571.9
2691,113,3,26.3,57.63,36.7,527.6
2692,113,4,27.26,52.3,38.52,552.6
2693,113,5,27.76,46.46,37.91,530.8
2694,113,6,28.87,44.43,37.86,511.6
2695,113,7,29.28,51.39,34.4,513.6
2696,113,8,29.1,53.24,33.57,513.1
2697,113,9,28.46,57.41,36.35,559.4
2698,113,10,27.76,59.89,37.43,601.4
2699,113,11,26.26,59.14,39.23,650.1
2700,113,12,25.67,67.37,40.56,675.3
2701,113,13,24.0,65.76,45.98,685.5
2702,113,14,23.51,69.41,45.65,707.9
2703,113,15,23.23,74.05,49.39,716.8
2704,113,16,22.55,78.65,49.71,769.6
2705,113,17,21.92,79.23,52.95,798.8
2706,113,18,21.89,75.62,49.81,790.1
2707,113,19,20.49,74.59,49.56,754.4
2708,113,20,21.23,,47.9,777.3
2709,113,21,21.94,70.11,47.2,752.7
2710,113,22,22.86,71.96,48.48,716.6
2711,113,23,24.28,66.17,47.74,720.1
2712,114,0,25.29,64.92,48.59,665.2
2713,114,1,25.77,62.94,45.48,618.7
2714,114,2,26.79,63.41,42.35,578.8
2715,114,3,27.77,60.63,41.25,517.6
2716,114,4,28.55,61.32,40.27,508.5
2717,114,5,29.1,59.64,39.27,478.0
2718,114,6,29.79,60.8,37.05,463.0
2719,114,7,29.03,56.98,39.63,454.6
2720,114,8,28.77,51.27,39.12,458.9
2721,114,9,28.8,56.36,42.52,465.2
2722,114,10,27.0,62.03,43.01,506.4
2723,114,11,26.21,68.03,44.95,539.2
2724,114,12,24.94,71.03,46.68,578.6
2725,114,13,23.82,80.18,45.59,674.5
2726,114,14,22.52,82.6,47.03,695.9
2727,114,15,21.8,87.3,51.41,733.3
2728,114,16,22.25,91.62,51.9,766.0
2729,114,17,21.17,98.2,53.47,770.1
2730,114,18,20.54,97.09,54.25,775.8
2731,114,19,20.22,94.15,53.92,766.9
2732,114,20,21.76,87.99,53.12,755.4
2733,114,21,22.22,90.66,52.84,717.1
2734,114,22,23.13,88.62,52.78,678.2
2735,114,23,23.97,86.04,48.28,650.1
2736,115,0,24.64,91.08,47.26,570.1
2737,115,1,25.74,86.68,45.39,584.2
2738,115,2,28.1,77.73,43.26,610.3
2739,115,3,29.51,73.26,44.76,582.6
2740,115,4,29.5,67.35,42.17,573.4
2741,115,5,30.13,64.5,38.7,580.3
2742,115,6,29.71,62.78,40.18,532.1
2743,115,7,28.66,61.69,37.34,555.1
2744,115,8,28.92,59.37,34.06,549.4
2745,115,9,28.89,67.35,37.06,621.3
2746,115,10,28.5,71.52,38.52,629.2
2747,115,11,27.12,74.5,40.69,671.1
2748,115,12,25.9,,40.98,686.1
2749,115,13,25.19,85.93,39.47,763.0
2750,115,14,24.3,90.09,38.55,763.1
2751,115,15,23.14,94.9,39.51,805.5
2752,115,16,21.63,97.14,38.27,826.0
2753,115,17,21.4,100.0,40.14,833.7
2754,115,18,21.88,100.0,40.08,829.9
2755,115,19,21.37,100.0,41.06,796.6
2756,115,20,22.18,98.35,41.61,711.9
2757,115,21,22.98,99.93,42.29,722.6
2758,115,22,24.16,94.3,42.89,684.0
2759,115,23,25.47,91.07,41.52,684.9
2760,116,0,25.99,87.61,41.19,658.8
2761,116,1,26.16,81.04,40.89,653.2
2762,116,2,26.97,74.47,35.27,635.9
2763,116,3,28.39,70.13,36.4,539.4
2764,116,4,28.79,66.26,36.55,536.5
2765,116,5,28.92,60.57,37.68,514.2
2766,116,6,28.28,58.79,35.23,539.2
2767,116,7,29.31,60.95,35.23,553.7
2768,116,8,29.39,66.91,33.96,574.9
2769,116,9,29.1,71.09,36.77,579.9
2770,116,10,28.65,66.33,35.26,576.8
2771,116,11,27.8,72.75,35.08,594.1
2772,116,12,26.44,75.51,38.02,581.1
2773,116,13,25.19,81.45,38.44,
2774,116,14,23.93,85.48,38.27,606.0
2775,116,15,24.39,88.43,41.74,607.8
2776,116,16,23.75,90.95,44.85,646.2
2777,116,17,22.83,92.82,47.02,685.1
2778,116,18,22.75,97.76,49.02,698.0
2779,116,19,22.2,97.07,48.4,689.7
2780,116,20,,98.74,47.62,663.0
2781,116,21,23.42,98.71,45.76,647.2
2782,116,22,24.42,96.87,,612.5
2783,116,23,25.8,87.01,43.61,594.2
2784,117,0,26.83,86.35,41.96,535.8
2785,117,1,27.72,80.59,42.44,537.1
2786,117,2,,78.85,44.01,504.0
2787,117,3,29.19,72.35,43.9,499.3
2788,117,4,29.44,66.34,46.71,510.1
2789,117,5,29.6,71.14,44.41,509.6
2790,117,6,30.51,67.39,40.31,527.0
2791,117,7,30.19,71.36,41.99,477.8
2792,117,8,29.32,72.83,40.8,483.9
2793,117,9,28.43,73.58,41.02,537.9
2794,117,10,28.22,76.39,38.48,577.6
2795,117,11,27.53,75.98,38.16,652.7
2796,117,12,26.66,80.19,36.84,719.4
2797,117,13,25.35,81.16,37.89,745.7
2798,117,14,24.58,84.28,38.96,756.9
2799,117,15,23.31,90.93,40.85,749.0
2800,117,16,22.5,94.42,44.75,752.3
2801,117,17,22.59,91.69,46.97,752.6
2802,117,18,22.79,95.49,44.14,742.2
2803,117,19,22.27,95.31,45.81,717.7
2804,117,20,22.21,92.5,46.05,721.4
2805,117,21,22.96,92.84,45.57,748.1
2806,117,22,24.69,89.39,45.03,743.1
2807,117,23,24.56,82.49,44.79,699.6
2808,118,0,25.82,84.77,42.62,
2809,118,1,26.2,80.72,41.59,660.0
2810,118,2,27.02,76.76,43.37,622.5
2811,118,3,27.86,72.4,41.23,588.8
2812,118,4,28.49,73.67,38.77,559.9
2813,118,5,28.82,70.29,38.67,560.9
2814,118,6,29.18,65.06,36.67,555.0
2815,118,7,28.95,64.03,33.95,536.0
2816,118,8,28.01,70.19,34.54,527.1
2817,118,9,28.06,75.21,38.94,555.5
2818,118,10,27.78,77.37,40.19,591.5
2819,118,11,,85.06,41.96,611.3
2820,118,12,25.45,90.65,39.12,614.2
2821,118,13,24.69,93.0,41.8,680.9
2822,118,14,24.13,95.58,43.56,734.9
2823,118,15,22.78,99.26,43.6,705.4
2824,118,16,22.25,98.68,45.21,761.5
2825,118,17,21.87,100.0,46.48,766.3
2826,118,18,22.73,100.0,44.94,774.2
2827,118,19,23.7,95.67,46.08,797.2
2828,118,20,22.98,94.06,48.57,821.0
2829,118,21,24.8,91.24,47.69,816.3
2830,118,22,24.87,91.75,45.36,784.5
2831,118,23,26.17,82.71,44.43,709.3
2832,119,0,27.48,78.45,45.5,622.8
2833,119,1,27.75,73.94,42.19,617.1
2834,119,2,28.85,74.1,42.8,621.5
2835,119,3,29.48,,40.88,571.0
2836,119,4,30.3,74.74,41.1,543.8
2837,119,5,30.68,74.96,39.87,517.7
2838,119,6,31.28,72.74,38.98,501.1
2839,119,7,30.96,,42.62,536.0
2840,119,8,30.29,73.85,40.32,552.7
2841,119,9,30.08,78.67,42.31,564.7
2842,119,10,29.33,77.36,46.86,655.8
2843,119,11,28.5,78.62,49.09,638.7
2844,119,12,26.88,84.27,47.23,680.2
2845,119,13,25.19,92.03,45.76,680.3
2846,119,14,23.94,88.78,45.53,705.2
2847,119,15,22.85,96.58,47.11,734.3
2848,119,16,22.72,98.55,48.57,774.4
2849,119,17,22.81,94.47,46.71,776.7
2850,119,18,22.51,86.72,45.62,769.9
2851,119,19,23.31,83.36,44.5,758.8
2852,119,20,24.2,83.89,44.48,720.8
2853,119,21,24.67,83.16,48.53,722.5
2854,119,22,24.84,83.61,46.08,706.6
2855,119,23,26.47,79.58,43.57,689.1
2856,120,0,27.23,73.67,40.84,655.1
2857,120,1,28.13,70.09,41.82,618.6
2858,120,2,28.76,68.08,41.31,619.2
2859,120,3,29.05,66.99,39.19,615.7
2860,120,4,28.96,63.33,38.47,624.6
2861,120,5,,65.78,37.13,610.3
2862,120,6,29.64,64.18,38.33,628.9
2863,120,7,31.16,63.0,44.45,608.0
2864,120,8,30.02,63.99,45.97,604.1
2865,120,9,28.7,70.79,46.32,644.7
2866,120,10,28.21,74.16,45.76,679.0
2867,120,11,28.03,76.34,44.12,687.7
2868,120,12,26.89,83.81,46.97,682.7
2869,120,13,26.02,94.51,49.53,704.1
2870,120,14,23.99,98.34,49.58,712.9
2871,120,15,22.89,100.0,52.95,780.9
2872,120,16,21.84,100.0,53.49,812.5
2873,120,17,20.69,100.0,55.32,797.1
2874,120,18,20.97,100.0,55.78,770.9
2875,120,19,20.26,100.0,54.99,747.8
2876,120,20,20.44,100.0,52.46,
2877,120,21,21.29,96.28,51.52,706.8
2878,120,22,22.15,92.17,52.4,714.6
2879,120,23,23.75,86.64,50.27,661.4
2880,121,0,25.25,82.47,50.09,691.2
2881,121,1,26.96,80.79,46.78,631.1
2882,121,2,28.39,77.17,47.5,565.8
2883,121,3,29.78,68.82,47.25,587.5
2884,121,4,30.3,65.19,44.11,598.8
2885,121,5,30.76,60.27,43.41,575.1
2886,121,6,31.04,62.05,45.33,575.2
2887,121,7,30.85,65.36,42.93,583.5
2888,121,8,30.13,68.58,41.42,592.3
2889,121,9,29.27,69.36,42.35,572.8
2890,121,10,28.02,74.15,47.85,535.3
2891,121,11,27.34,77.11,47.41,552.2
2892,121,12,26.28,78.41,49.52,639.6
2893,121,13,24.93,85.67,51.05,719.5
2894,121,14,23.72,92.49,50.77,737.1
2895,121,15,22.43,98.8,51.98,734.8
2896,121,16,22.51,99.35,51.74,761.8
2897,121,17,22.24,100.0,51.53,784.6
2898,121,18,21.73,100.0,48.52,801.9
2899,121,19,22.41,100.0,48.83,730.8
2900,121,20,22.56,100.0,50.67,804.1
2901,121,21,22.57,98.43,50.38,806.8
2902,121,22,24.11,88.11,51.92,767.3
2903,121,23,24.87,84.5,52.08,712.9
2904,122,0,25.81,81.82,50.77,702.8
2905,122,1,26.99,77.49,48.36,
2906,122,2,,79.97,46.44,643.1
2907,122,3,29.42,73.49,42.78,622.8
2908,122,4,29.43,69.93,42.01,593.4
2909,122,5,30.19,66.38,42.32,585.6
2910,122,6,30.11,65.09,45.96,593.1
2911,122,7,30.98,69.7,47.12,597.5
2912,122,8,,76.15,45.66,608.4
2913,122,9,28.59,76.36,43.47,654.2
2914,122,10,28.08,77.48,44.23,627.0
2915,122,11,28.16,78.06,47.16,631.7
2916,122,12,27.78,86.66,47.91,662.7
2917,122,13,27.39,94.14,50.21,674.9
2918,122,14,25.53,97.24,50.87,696.1
2919,122,15,24.94,96.03,53.23,756.6
2920,122,16,23.68,94.88,50.61,769.9
2921,122,17,23.26,97.71,54.48,735.1
2922,122,18,22.35,100.0,52.31,734.5
2923,122,19,22.19,94.2,,738.6
2924,122,20,,92.82,52.95,733.0
2925,122,21,23.56,96.36,52.12,732.3
2926,122,22,24.8,92.96,50.86,721.1
2927,122,23,25.84,94.21,50.51,688.4
2928,123,0,26.12,92.1,50.43,627.8
2929,123,1,27.07,84.57,51.46,590.4
2930,123,2,27.75,80.12,53.05,551.5
2931,123,3,29.16,76.77,52.37,526.7
2932,123,4,30.42,71.71,54.63,532.1
2933,123,5,31.25,67.8,53.6,533.7
2934,123,6,30.83,72.6,54.87,551.7
2935,123,7,29.25,70.33,54.97,544.4
2936,123,8,28.19,75.56,53.38,594.0
2937,123,9,28.62,76.68,53.69,624.1
2938,123,10,27.73,79.9,54.87,644.4
2939,123,11,26.54,85.39,55.08,681.7
2940,123,12,26.52,87.44,56.33,687.9
2941,123,13,26.11,93.2,58.46,662.0
2942,123,14,25.03,90.64,58.63,680.1
2943,123,15,23.95,95.76,52.91,729.6
2944,123,16,23.19,91.2,56.89,752.9
2945,123,17,22.87,93.31,56.35,763.1
2946,123,18,,97.6,54.59,747.9
2947,123,19,23.64,99.73,52.15,699.7
2948,123,20,24.2,94.78,51.25,734.8
2949,123,21,,89.76,49.71,714.9
2950,123,22,25.13,85.77,47.72,683.8
2951,123,23,,84.0,45.82,643.5
2952,124,0,27.06,75.09,46.37,650.9
2953,124,1,,72.83,49.76,643.3
2954,124,2,26.78,71.63,50.36,588.0
2955,124,3,27.45,68.86,51.54,594.1
2956,124,4,28.72,69.2,49.72,568.5
2957,124,5,29.43,69.19,49.21,539.4
2958,124,6,29.84,67.69,49.62,
2959,124,7,30.81,63.15,48.08,514.9
2960,124,8,29.69,66.42,47.43,498.3
2961,124,9,29.1,67.09,49.69,545.4
2962,124,10,28.47,69.82,52.45,569.2
2963,124,11,27.14,76.28,53.1,
2964,124,12,26.2,85.47,51.33,658.0
2965,124,13,24.42,89.67,51.64,703.1
2966,124,14,24.37,95.33,49.66,679.1
2967,124,15,23.23,94.24,50.88,688.4
2968,124,16,23.7,98.0,52.22,730.2
2969,124,17,23.15,99.8,52.2,715.3
2970,124,18,23.42,100.0,52.98,737.8
2971,124,19,23.35,100.0,,705.3
2972,124,20,23.59,100.0,53.9,704.3
2973,124,21,23.82,100.0,50.81,734.4
2974,124,22,24.68,97.59,49.67,730.4
2975,124,23,25.77,90.51,,653.6
2976,125,0,26.35,94.56,52.0,649.3
2977,125,1,27.35,86.76,50.21,
2978,125,2,28.04,82.74,50.21,700.9
2979,125,3,30.11,80.51,50.91,672.7
2980,125,4,30.54,78.66,49.5,604.8
2981,125,5,31.6,76.26,51.09,596.3
2982,125,6,31.39,74.97,52.85,624.2
2983,125,7,31.2,74.64,55.05,610.9
2984,125,8,29.97,72.75,55.46,
2985,125,9,29.11,81.95,59.91,624.4
2986,125,10,28.43,83.95,58.22,651.1
2987,125,11,28.27,89.04,62.39,610.0
2988,125,12,27.19,91.41,63.6,620.0
2989,125,13,26.71,93.91,65.94,656.8
2990,125,14,25.81,96.01,64.75,681.7
2991,125,15,25.53,94.49,65.97,679.6
2992,125,16,24.49,96.97,68.12,695.8
2993,125,17,24.99,97.81,64.85,726.1
2994,125,18,24.13,100.0,63.54,735.3
2995,125,19,23.55,98.51,58.14,739.3
2996,125,20,23.16,95.83,56.92,750.9
2997,125,21,24.93,91.44,54.28,725.0
2998,125,22,25.91,93.59,52.84,736.9
2999,125,23,26.42,87.66,57.6,680.4
3000,126,0,27.88,86.04,59.31,698.9
3001,126,1,28.97,85.36,54.42,689.6
3002,126,2,30.63,81.21,53.98,642.4
3003,126,3,30.25,73.95,54.11,603.7
3004,126,4,30.56,67.94,52.06,585.2
3005,126,5,30.6,69.92,51.42,583.5
3006,126,6,29.69,66.1,51.26,600.6
3007,126,7,30.24,68.66,48.13,561.7
3008,126,8,29.72,71.12,46.22,581.7
3009,126,9,29.49,75.14,47.18,543.6
3010,126,10,29.8,79.97,48.15,568.4
3011,126,11,28.38,80.88,47.62,638.0
3012,126,12,26.96,82.25,47.14,631.9
3013,126,13,25.88,88.99,48.22,626.8
3014,126,14,25.31,91.09,51.18,670.4
3015,126,15,24.02,86.49,51.87,737.0
3016,126,16,22.99,92.29,55.78,764.9
3017,126,17,23.11,91.73,54.49,728.6
3018,126,18,23.05,94.94,54.87,697.3
3019,126,19,22.04,99.58,53.87,707.5
3020,126,20,21.93,98.48,54.57,675.8
3021,126,21,23.52,99.37,52.18,672.8
3022,126,22,24.56,96.63,55.19,663.1
3023,126,23,25.11,97.62,50.44,629.9
3024,127,0,26.12,89.85,52.81,652.7
3025,127,1,27.21,85.7,51.58,636.9
3026,127,2,28.59,83.88,51.37,636.4
3027,127,3,28.7,79.77,52.78,628.5
3028,127,4,29.02,80.52,53.2,597.0
3029,127,5,29.72,77.03,50.57,573.3
3030,127,6,29.91,82.26,51.09,556.7
3031,127,7,30.16,87.98,54.35,574.6
3032,127,8,29.16,88.53,52.04,565.0
3033,127,9,28.84,90.9,56.25,625.1
3034,127,10,28.63,95.9,56.83,623.0
3035,127,11,27.86,94.04,55.93,653.0
3036,127,12,26.8,92.72,54.36,673.9
3037,127,13,25.63,99.73,54.39,690.8
3038,127,14,24.19,100.0,50.98,773.2
3039,127,15,23.36,100.0,50.95,778.2
3040,127,16,23.38,100.0,51.12,783.7
3041,127,17,22.82,99.81,49.47,775.2
3042,127,18,22.17,99.97,51.4,779.4
3043,127,19,22.1,97.46,50.95,771.9
3044,127,20,22.67,99.21,49.42,731.5
3045,127,21,23.16,99.91,48.39,705.7
3046,127,22,24.3,98.25,48.57,700.9
3047,127,23,25.53,95.37,47.94,699.4
3048,128,0,26.96,86.44,45.65,666.6
3049,128,1,28.58,84.38,45.14,634.9
3050,128,2,29.8,82.48,44.3,594.9
3051,128,3,29.86,82.72,41.39,557.1
3052,128,4,29.9,85.9,40.59,516.5
3053,128,5,30.23,77.86,41.77,470.3
3054,128,6,30.13,75.5,43.03,458.5
3055,128,7,29.46,73.31,42.83,496.1
3056,128,8,28.98,75.18,44.73,503.4
3057,128,9,28.26,77.4,43.39,520.4
3058,128,10,27.26,79.61,42.51,543.0
3059,128,11,26.34,,43.33,610.2
3060,128,12,26.09,86.35,47.72,619.4
3061,128,13,25.19,87.11,49.11,662.1
3062,128,14,25.47,88.01,49.51,692.2
3063,128,15,24.48,90.72,53.46,721.4
3064,128,16,23.49,90.14,53.25,748.6
3065,128,17,,92.57,57.92,762.8
3066,128,18,,93.54,56.41,787.1
3067,128,19,23.07,91.56,,779.6
3068,128,20,24.37,93.75,52.83,809.0
3069,128,21,24.26,91.8,51.53,
3070,128,22,25.34,92.44,48.98,707.9
3071,128,23,26.19,88.33,53.28,695.0
3072,129,0,26.24,84.53,,671.4
3073,129,1,27.65,79.1,51.81,637.7
3074,129,2,29.17,75.77,49.39,599.1
3075,129,3,29.38,75.08,47.01,519.7
3076,129,4,29.94,71.44,48.18,458.4
3077,129,5,29.42,71.61,44.0,500.4
3078,129,6,29.05,,41.52,486.3
3079,129,7,29.67,71.58,41.34,520.6
3080,129,8,29.11,71.24,44.64,494.1
3081,129,9,28.02,76.3,44.43,494.3
3082,129,10,27.5,79.38,46.08,546.2
3083,129,11,26.41,87.35,47.0,578.5
3084,129,12,25.3,87.02,50.53,628.5
3085,129,13,24.8,86.23,48.05,661.8
3086,129,14,23.32,88.31,50.48,687.8
3087,129,15,22.2,87.75,50.75,698.2
3088,129,16,21.86,86.91,53.14,692.2
3089,129,17,22.11,91.57,51.61,747.8
3090,129,18,22.62,92.98,51.7,793.0
3091,129,19,22.33,91.83,51.27,758.6
3092,129,20,23.18,90.03,48.79,719.3
3093,129,21,23.32,86.75,45.73,695.8
3094,129,22,25.05,89.59,44.11,684.4
3095,129,23,25.26,,,653.8
3096,130,0,26.92,76.69,41.67,638.3
3097,130,1,27.46,76.11,40.46,606.7
3098,130,2,29.36,72.35,36.22,575.7
3099,130,3,30.23,75.87,35.46,612.2
3100,130,4,30.09,71.62,37.68,571.8
3101,130,5,,72.59,39.2,595.8
3102,130,6,30.6,74.95,39.21,617.4
3103,130,7,30.88,73.16,,619.8
3104,130,8,30.25,71.97,39.09,569.5
3105,130,9,29.49,76.44,43.33,584.5
3106,130,10,28.92,80.86,48.29,592.2
3107,130,11,27.84,79.68,49.15,620.0
3108,130,12,26.0,80.18,54.95,622.9
3109,130,13,,76.85,53.72,675.5
3110,130,14,23.8,83.5,51.5,728.4
3111,130,15,23.62,86.71,50.54,778.2
3112,130,16,23.7,89.47,50.54,779.7
3113,130,17,23.46,86.7,55.43,759.7
3114,130,18,23.2,85.23,54.41,771.9
3115,130,19,23.47,84.83,52.08,809.8
3116,130,20,23.26,82.83,49.62,791.2
3117,130,21,23.67,82.38,51.2,776.1
3118,130,22,23.98,82.35,52.08,737.4
3119,130,23,24.32,86.5,49.67,690.0
3120,131,0,25.64,82.57,44.56,672.2
3121,131,1,26.83,82.05,41.34,633.3
3122,131,2,28.17,75.54,44.11,610.3
3123,131,3,29.22,67.35,44.57,593.2
3124,131,4,29.88,64.45,43.84,576.6
3125,131,5,30.46,58.76,46.96,571.9
3126,131,6,30.44,59.38,50.17,538.8
3127,131,7,30.4,58.5,49.32,516.6
3128,131,8,29.51,55.24,48.86,528.0
3129,131,9,29.03,64.5,47.59,547.1
3130,131,10,28.48,66.82,47.29,559.4
3131,131,11,27.06,66.45,44.84,596.7
3132,131,12,26.02,74.41,42.78,651.5
3133,131,13,24.64,77.0,40.56,709.7
3134,131,14,23.45,84.93,44.21,767.2
3135,131,15,22.14,86.35,42.16,748.2
3136,131,16,22.31,87.81,47.21,733.7
3137,131,17,22.46,91.15,46.23,739.0
3138,131,18,22.5,94.02,50.05,746.6
3139,131,19,23.49,96.1,49.01,737.5
3140,131,20,23.49,94.3,45.4,713.3
3141,131,21,25.41,93.5,47.57,690.1
3142,131,22,25.64,92.43,49.49,681.3
3143,131,23,26.37,88.95,46.39,620.7
3144,132,0,26.88,84.16,44.56,654.5
3145,132,1,27.89,75.56,41.67,620.5
3146,132,2,29.05,73.91,40.6,614.7
3147,132,3,29.57,70.86,40.12,568.8
3148,132,4,30.9,67.15,38.88,560.6
3149,132,5,31.09,69.55,34.99,546.0
3150,132,6,31.06,64.35,34.19,558.5
3151,132,7,30.21,69.93,36.29,550.3
3152,132,8,29.9,70.89,,595.5
3153,132,9,29.06,73.8,36.96,566.8
3154,132,10,27.83,75.23,36.31,611.9
3155,132,11,26.45,73.55,36.58,637.3
3156,132,12,26.81,77.34,41.02,636.9
3157,132,13,25.43,82.56,40.01,715.5
3158,132,14,23.58,88.36,42.86,782.1
3159,132,15,22.43,90.77,44.03,740.9
3160,132,16,21.85,86.54,45.36,760.1
3161,132,17,21.8,84.16,44.43,785.3
3162,132,18,21.94,92.03,44.12,794.1
3163,132,19,22.36,88.56,44.27,820.7
3164,132,20,22.33,92.0,43.09,829.6
3165,132,21,23.11,86.87,43.46,802.2
3166,132,22,,83.59,43.77,820.5
3167,132,23,24.14,82.24,47.27,794.7
3168,133,0,24.81,76.01,46.45,734.1
3169,133,1,25.41,77.28,41.22,672.8
3170,133,2,27.16,73.65,42.63,663.0
3171,133,3,28.42,71.67,41.19,603.5
3172,133,4,29.55,68.08,44.44,564.6
3173,133,5,29.87,68.3,46.45,539.9
3174,133,6,30.31,72.05,44.52,539.8
3175,133,7,29.15,71.17,45.49,
3176,133,8,29.24,77.01,44.01,508.6
3177,133,9,28.66,76.19,44.13,558.3
3178,133,10,28.09,80.6,45.85,569.9
3179,133,11,27.21,84.52,48.47,648.1
3180,133,12,25.56,83.99,,678.2
3181,133,13,23.77,87.83,50.91,732.4
3182,133,14,22.6,90.78,56.06,765.1
3183,133,15,22.24,90.71,54.95,810.2
3184,133,16,22.04,93.92,51.35,827.8
3185,133,17,20.96,95.5,48.32,830.2
3186,133,18,20.47,95.42,51.14,847.5
3187,133,19,20.45,94.39,50.32,889.4
3188,133,20,20.91,92.37,49.76,847.6
3189,133,21,21.09,88.68,47.58,829.7
3190,133,22,21.52,85.93,45.53,785.8
3191,133,23,22.47,80.27,42.8,753.5
3192,134,0,23.94,84.49,42.68,707.9
3193,134,1,24.69,75.52,41.32,609.4
3194,134,2,25.96,69.9,41.13,572.1
3195,134,3,27.61,65.25,40.8,570.0
3196,134,4,27.73,69.14,39.08,526.2
3197,134,5,28.26,63.08,35.63,535.3
3198,134,6,29.12,63.77,32.57,530.6
3199,134,7,28.83,64.81,39.22,524.8
3200,134,8,28.24,67.01,42.37,555.8
3201,134,9,28.31,72.72,45.2,585.3
3202,134,10,27.31,78.67,43.98,612.5
3203,134,11,26.92,79.79,44.45,658.3
3204,134,12,26.0,83.4,43.39,683.3
3205,134,13,24.67,80.86,41.54,663.0
3206,134,14,23.88,84.7,41.35,679.9
3207,134,15,23.11,85.32,44.97,658.8
3208,134,16,22.87,87.33,47.13,700.3
3209,134,17,22.0,83.99,45.28,737.3
3210,134,18,21.78,86.5,44.7,763.7
3211,134,19,21.8,81.44,46.04,767.3
3212,134,20,22.48,81.47,44.32,773.8
3213,134,21,22.48,76.29,43.79,706.7
3214,134,22,23.82,71.85,43.7,677.7
3215,134,23,24.92,73.06,43.37,612.6
3216,135,0,25.17,71.72,42.63,577.1
3217,135,1,26.83,71.74,40.04,591.6
3218,135,2,28.81,72.79,37.87,588.3
3219,135,3,29.84,66.78,34.79,574.4
3220,135,4,30.84,68.65,31.27,543.6
3221,135,5,30.86,61.99,31.16,501.2
3222,135,6,29.82,63.56,33.14,500.7
3223,135,7,28.65,62.18,30.79,531.0
3224,135,8,28.47,60.69,32.24,547.6
3225,135,9,27.59,65.08,34.85,520.8
3226,135,10,26.4,70.93,32.2,548.8
3227,135,11,25.57,76.86,33.17,
3228,135,12,24.98,80.67,38.03,588.2
3229,135,13,23.27,84.23,40.32,605.0
3230,135,14,22.26,88.74,37.56,608.5
3231,135,15,22.38,91.95,40.09,662.7
3232,135,16,21.2,95.14,39.43,700.2
3233,135,17,21.34,96.32,41.55,719.7
3234,135,18,20.96,98.46,40.46,779.0
3235,135,19,21.41,91.96,40.49,783.0
3236,135,20,22.34,89.67,39.27,745.8
3237,135,21,23.22,82.83,38.97,734.4
3238,135,22,24.33,80.77,37.29,695.9
3239,135,23,24.48,82.16,36.25,694.1
3240,136,0,26.0,76.33,33.24,661.4
3241,136,1,26.44,72.53,33.75,631.4
3242,136,2,27.48,70.87,33.54,557.8
3243,136,3,28.37,61.0,29.8,532.5
3244,136,4,29.16,57.29,31.76,510.1
3245,136,5,29.61,57.28,31.35,471.1
3246,136,6,29.2,48.28,31.88,464.0
3247,136,7,28.37,47.08,33.82,481.9
3248,136,8,28.52,53.29,34.96,494.7
3249,136,9,27.99,59.52,37.93,479.1
3250,136,10,27.72,64.12,37.94,503.0
3251,136,11,26.6,70.57,40.82,526.2
3252,136,12,24.77,74.93,41.75,568.9
3253,136,13,24.28,80.25,43.45,607.1
3254,136,14,23.08,82.51,44.8,629.6
3255,136,15,22.41,85.7,47.65,648.0
3256,136,16,21.42,85.92,49.06,674.5
3257,136,17,21.87,91.18,47.82,715.2
3258,136,18,21.16,95.77,46.09,726.5
3259,136,19,21.1,98.42,45.44,757.1
3260,136,20,21.56,94.33,43.16,767.4
3261,136,21,21.65,88.02,40.24,776.3
3262,136,22,22.75,88.15,35.2,771.9
3263,136,23,24.57,85.16,31.59,765.2
3264,137,0,25.24,81.19,35.25,685.2
3265,137,1,26.42,74.33,33.15,657.4
3266,137,2,25.93,71.26,36.34,645.5
3267,137,3,26.95,64.09,36.24,639.7
3268,137,4,,63.29,35.36,582.4
3269,137,5,27.76,65.41,31.83,573.7
3270,137,6,28.65,68.83,31.88,557.8
3271,137,7,28.41,70.03,35.95,596.1
3272,137,8,28.0,65.85,39.23,556.2
3273,137,9,27.26,67.97,39.88,546.7
3274,137,10,25.58,76.66,37.87,521.1
3275,137,11,24.32,76.16,36.66,556.1
3276,137,12,24.09,78.85,35.94,645.2
3277,137,13,22.17,86.08,39.65,667.8
3278,137,14,21.16,90.25,43.73,693.2
3279,137,15,20.49,99.43,44.48,726.3
3280,137,16,21.04,97.51,44.05,735.6
3281,137,17,21.1,94.44,47.19,751.4
3282,137,18,20.68,97.57,44.73,759.3
3283,137,19,21.51,92.09,44.32,727.4
3284,137,20,21.44,89.22,44.48,710.6
3285,137,21,22.57,86.01,41.7,708.3
3286,137,22,22.62,85.47,39.39,702.4
3287,137,23,24.17,82.84,36.93,698.7
3288,138,0,24.93,79.35,38.81,665.0
3289,138,1,25.44,73.23,41.39,632.2
3290,138,2,26.39,72.49,40.07,611.6
3291,138,3,27.45,80.34,38.16,560.2
3292,138,4,27.88,77.58,35.88,517.4
3293,138,5,28.64,73.98,35.2,498.1
3294,138,6,28.5,67.41,33.7,459.0
3295,138,7,28.74,64.57,33.51,475.3
3296,138,8,,64.38,34.64,513.7
3297,138,9,27.83,64.31,34.28,511.2
3298,138,10,26.74,66.81,34.65,546.4
3299,138,11,25.87,,35.21,557.4
3300,138,12,25.1,81.81,35.6,563.6
3301,138,13,25.04,83.81,35.81,650.2
3302,138,14,24.28,82.62,38.44,649.9
3303,138,15,23.64,89.12,35.69,643.0
3304,138,16,24.22,90.33,39.8,672.4
3305,138,17,23.49,85.75,40.44,694.4
3306,138,18,23.08,88.23,41.73,717.0
3307,138,19,23.11,90.38,42.87,762.0
3308,138,20,22.56,80.86,40.75,722.2
3309,138,21,22.72,76.22,38.14,684.4
3310,138,22,23.14,73.26,35.3,698.3
3311,138,23,24.35,72.31,34.09,685.6
3312,139,0,25.17,67.01,34.73,664.8
3313,139,1,26.19,60.93,32.63,607.6
3314,139,2,27.61,60.05,33.08,599.4
3315,139,3,28.7,55.76,27.58,584.1
3316,139,4,29.02,55.36,,557.7
3317,139,5,28.92,50.64,29.17,520.2
3318,139,6,29.56,46.56,28.95,511.6
3319,139,7,29.64,50.26,27.69,550.4
3320,139,8,28.22,53.04,27.17,523.3
3321,139,9,,58.56,22.23,516.5
3322,139,10,26.7,60.06,22.08,523.6
3323,139,11,26.12,61.47,26.29,542.9
3324,139,12,,69.87,26.96,575.6
3325,139,13,24.42,69.07,27.91,632.4
3326,139,14,23.59,76.88,25.05,670.7
3327,139,15,22.61,83.89,23.84,693.5
3328,139,16,21.49,88.31,28.28,716.3
3329,139,17,20.9,86.96,30.96,740.0
3330,139,18,20.76,84.57,29.31,696.4
3331,139,19,20.86,83.33,28.9,720.6
3332,139,20,20.3,77.92,29.45,685.2
3333,139,21,20.92,73.09,27.34,655.8
3334,139,22,21.96,72.65,23.56,641.7
3335,139,23,22.92,71.38,23.62,611.5
3336,140,0,23.97,64.47,24.98,593.4
3337,140,1,25.38,63.09,26.13,564.7
3338,140,2,25.87,61.01,27.7,526.9
3339,140,3,,62.42,24.29,540.1
3340,140,4,26.78,61.18,24.55,532.7
3341,140,5,27.83,62.15,24.3,520.5
3342,140,6,28.94,62.07,24.66,526.0
3343,140,7,29.13,64.46,24.99,503.3
3344,140,8,27.87,60.8,24.67,564.4
3345,140,9,27.16,,19.93,543.7
3346,140,10,26.52,64.58,24.29,564.8
3347,140,11,25.66,66.99,26.76,580.5
3348,140,12,24.89,71.87,25.52,599.3
3349,140,13,23.34,77.19,28.42,616.7
3350,140,14,22.45,81.35,29.22,626.1
3351,140,15,21.86,83.22,29.95,683.3
3352,140,16,21.62,82.83,29.8,670.0
3353,140,17,20.72,87.39,32.1,709.2
3354,140,18,20.41,88.35,31.28,728.0
3355,140,19,19.23,84.12,29.68,710.7
3356,140,20,19.62,81.82,32.41,710.3
3357,140,21,20.29,74.08,31.98,683.8
3358,140,22,20.9,71.6,31.39,629.0
3359,140,23,22.28,67.82,32.32,574.9
3360,141,0,23.54,62.66,30.27,566.0
3361,141,1,23.65,64.14,28.72,552.6
3362,141,2,25.12,57.01,,529.5
3363,141,3,25.77,56.39,25.28,493.8
3364,141,4,26.97,60.64,25.71,470.5
3365,141,5,26.94,61.65,24.32,451.6
3366,141,6,27.39,60.01,26.52,406.0
3367,141,7,27.34,56.22,28.13,420.0
3368,141,8,27.31,53.25,,452.0
3369,141,9,26.88,54.55,27.14,476.7
3370,141,10,26.02,55.87,28.19,548.8
3371,141,11,24.39,57.82,27.21,
3372,141,12,22.86,61.41,28.78,563.4
3373,141,13,21.87,65.7,25.73,600.5
3374,141,14,21.23,71.44,24.57,637.3
3375,141,15,20.36,71.24,28.94,615.3
3376,141,16,20.3,72.38,31.12,657.1
3377,141,17,19.92,74.35,31.47,679.5
3378,141,18,19.45,75.17,30.45,633.2
3379,141,19,19.66,81.02,28.92,636.4
3380,141,20,20.38,80.31,29.83,613.3
3381,141,21,21.31,73.07,29.28,593.6
3382,141,22,23.16,71.79,32.32,546.2
3383,141,23,23.66,70.16,31.36,541.8
3384,142,0,24.63,66.02,30.83,565.3
3385,142,1,25.85,58.63,27.34,543.2
3386,142,2,26.75,60.85,26.23,461.3
3387,142,3,27.28,54.39,26.34,452.5
3388,142,4,27.15,54.24,25.45,435.0
3389,142,5,27.46,53.33,24.6,401.7
3390,142,6,27.25,54.54,25.67,415.9
3391,142,7,26.5,59.88,29.28,448.7
3392,142,8,26.08,62.19,30.06,446.3
3393,142,9,25.3,61.93,33.04,
3394,142,10,25.17,67.7,34.92,413.4
3395,142,11,24.77,68.45,37.77,441.7
3396,142,12,23.44,72.19,37.11,485.0
3397,142,13,22.49,71.57,37.42,517.5
3398,142,14,20.79,72.01,37.74,543.4
3399,142,15,20.06,75.58,39.49,597.0
3400,142,16,19.95,79.31,41.44,637.8
3401,142,17,20.18,75.79,41.7,661.7
3402,142,18,19.78,78.47,43.2,691.4
3403,142,19,20.59,75.93,41.42,672.2
3404,142,20,20.24,78.94,42.43,636.4
3405,142,21,20.41,75.62,43.33,611.4
3406,142,22,21.85,69.38,43.21,579.8
3407,142,23,23.78,66.61,41.79,508.6
3408,143,0,25.0,60.49,41.5,479.3
3409,143,1,25.91,61.19,37.93,490.9
3410,143,2,25.7,57.81,36.86,490.7
3411,143,3,25.68,54.45,36.15,483.4
3412,143,4,26.71,54.07,32.35,469.4
3413,143,5,27.18,49.55,32.72,494.6
3414,143,6,27.0,45.52,29.83,459.4
3415,143,7,27.2,48.03,29.12,439.5
3416,143,8,27.09,46.77,29.7,483.3
3417,143,9,27.1,46.72,28.96,501.9
3418,143,10,26.39,53.5,,509.0
3419,143,11,26.06,59.41,31.45,553.4
3420,143,12,24.92,59.97,31.0,572.8
3421,143,13,23.74,62.84,33.47,584.0
3422,143,14,23.26,64.72,33.06,595.4
3423,143,15,21.79,74.33,38.76,635.0
3424,143,16,22.54,79.82,38.99,663.7
3425,143,17,22.02,80.08,36.89,716.6
3426,143,18,21.8,82.49,35.16,710.4
3427,143,19,21.94,77.86,37.61,697.1
3428,143,20,23.02,74.78,36.42,720.9
3429,143,21,23.65,73.35,33.16,721.0
3430,143,22,23.28,72.12,34.41,691.3
3431,143,23,24.8,68.5,32.78,615.7
3432,144,0,25.39,65.66,33.29,563.7
3433,144,1,26.31,62.18,34.2,508.8
3434,144,2,26.48,58.2,33.67,486.8
3435,144,3,27.58,54.37,37.48,454.3
3436,144,4,27.84,50.97,32.77,481.5
3437,144,5,28.32,50.55,30.52,429.5
3438,144,6,28.32,51.52,29.85,401.6
3439,144,7,29.19,52.71,34.53,420.7
3440,144,8,29.62,50.67,38.1,452.3
3441,144,9,28.68,50.48,40.58,
3442,144,10,27.61,55.52,38.89,404.6
3443,144,11,26.24,64.05,37.83,444.4
3444,144,12,25.62,68.31,36.74,525.2
3445,144,13,24.2,70.83,35.96,611.8
3446,144,14,22.88,75.16,39.84,630.4
3447,144,15,22.47,74.81,39.82,652.6
3448,144,16,21.41,81.49,39.95,652.7
3449,144,17,20.92,83.41,41.68,685.4
3450,144,18,19.94,81.73,38.13,729.4
3451,144,19,20.55,80.79,38.12,752.5
3452,144,20,21.94,77.84,35.53,731.5
3453,144,21,22.76,79.7,34.53,684.5
3454,144,22,24.11,75.79,32.79,657.2
3455,144,23,24.34,72.53,30.91,660.4
3456,145,0,25.32,70.23,30.77,612.2
3457,145,1,25.73,63.8,30.54,531.1
3458,145,2,26.55,60.74,29.42,496.1
3459,145,3,27.76,58.37,29.63,468.2
3460,145,4,28.37,51.16,27.46,
3461,145,5,27.99,50.83,28.77,412.2
3462,145,6,27.56,50.46,28.41,428.9
3463,145,7,26.93,51.62,27.78,484.5
3464,145,8,27.07,53.41,26.88,460.4
3465,145,9,27.66,56.73,27.45,500.5
3466,145,10,27.46,63.89,32.45,549.1
3467,145,11,25.36,63.53,33.3,587.0
3468,145,12,25.09,66.43,32.07,587.6
3469,145,13,24.42,72.48,35.2,591.3
3470,145,14,22.5,77.45,35.27,626.1
3471,145,15,21.54,81.68,36.8,655.7
3472,145,16,21.49,91.95,36.3,662.6
3473,145,17,21.29,93.96,39.45,710.6
3474,145,18,20.38,96.48,38.31,703.0
3475,145,19,20.86,93.43,41.02,651.6
3476,145,20,20.17,87.64,38.28,641.2
3477,145,21,20.88,83.52,37.06,641.1
3478,145,22,22.46,81.97,39.09,628.9
3479,145,23,23.46,78.81,38.24,610.6
3480,146,0,24.26,75.33,41.51,617.5
3481,146,1,25.81,69.94,39.28,553.6
3482,146,2,27.23,64.53,38.29,514.0
3483,146,3,28.59,60.43,40.73,529.3
3484,146,4,,59.89,36.21,456.6
3485,146,5,30.1,60.37,32.07,446.9
3486,146,6,30.28,56.06,30.25,476.8
3487,146,7,29.94,58.54,32.1,509.5
3488,146,8,29.3,57.53,29.19,531.9
3489,146,9,28.3,61.08,31.26,560.5
3490,146,10,26.7,63.23,33.25,550.3
3491,146,11,25.24,71.28,38.24,609.9
3492,146,12,24.15,73.12,40.95,602.6
3493,146,13,23.33,77.0,42.15,602.6
3494,146,14,23.14,81.9,45.24,643.4
3495,146,15,22.19,81.7,46.35,656.3
3496,146,16,,83.59,45.25,682.8
3497,146,17,21.97,84.07,42.72,706.6
3498,146,18,21.48,82.95,41.37,754.5
3499,146,19,21.75,81.23,40.95,754.1
3500,146,20,21.84,83.33,40.74,718.9
3501,146,21,23.01,,35.65,712.5
3502,146,22,23.92,77.65,34.65,660.8
3503,146,23,24.04,74.85,34.04,652.7
3504,147,0,25.08,66.55,34.35,618.1
3505,147,1,26.86,64.53,36.7,592.4
3506,147,2,27.5,56.77,35.89,513.6
3507,147,3,28.39,56.14,33.02,434.6
3508,147,4,29.13,52.54,28.74,388.3
3509,147,5,28.82,51.52,30.07,434.4
3510,147,6,29.16,47.53,28.38,407.3
3511,147,7,28.23,49.23,30.59,438.9
3512,147,8,27.59,54.2,33.92,439.9
3513,147,9,27.61,54.44,31.32,459.7
3514,147,10,26.95,56.27,33.43,490.1
3515,147,11,25.79,61.95,37.04,566.0
3516,147,12,24.97,67.73,39.9,610.5
3517,147,13,23.86,64.55,36.36,648.1
3518,147,14,22.87,75.3,35.69,705.3
3519,147,15,22.34,80.24,,706.1
3520,147,16,21.26,84.74,36.36,747.2
3521,147,17,20.88,85.59,37.91,773.7
3522,147,18,20.59,80.4,32.87,790.0
3523,147,19,19.97,82.46,,770.1
3524,147,20,20.1,79.52,34.8,737.7
3525,147,21,21.76,79.2,34.96,690.5
3526,147,22,22.82,75.63,34.85,643.3
3527,147,23,23.11,72.97,33.51,592.6
3528,148,0,23.5,66.91,30.75,575.3
3529,148,1,24.74,66.03,30.26,541.0
3530,148,2,26.7,58.91,29.92,525.8
3531,148,3,27.46,63.02,30.79,514.1
3532,148,4,28.78,66.98,31.84,467.6
3533,148,5,29.25,69.25,31.75,431.5
3534,148,6,29.51,70.99,33.91,428.5
3535,148,7,28.57,69.41,33.18,419.9
3536,148,8,28.66,72.82,30.67,418.5
3537,148,9,27.78,73.12,32.52,490.6
3538,148,10,27.36,70.02,33.76,479.8
3539,148,11,25.89,77.35,35.83,567.5
3540,148,12,24.94,83.39,34.34,605.1
3541,148,13,24.06,85.69,39.23,659.2
3542,148,14,22.97,84.34,41.49,704.8
3543,148,15,22.32,85.01,41.51,737.5
3544,148,16,21.5,81.54,40.11,789.5
3545,148,17,20.75,86.2,42.72,760.8
3546,148,18,21.47,,40.49,753.6
3547,148,19,22.01,82.75,44.95,722.5
3548,148,20,21.83,79.1,42.95,666.5
3549,148,21,22.67,73.08,45.54,635.9
3550,148,22,23.01,71.78,43.81,664.6
3551,148,23,23.36,68.04,45.57,630.1
3552,149,0,25.01,67.58,42.36,648.3
3553,149,1,25.18,60.39,40.87,661.7
3554,149,2,26.76,55.4,41.09,693.3
3555,149,3,27.5,46.21,41.03,692.7
3556,149,4,28.08,39.09,41.98,705.5
3557,149,5,28.75,45.37,39.83,669.9
3558,149,6,29.19,52.58,39.27,643.4
3559,149,7,28.59,53.91,41.36,630.1
3560,149,8,28.59,53.39,39.61,619.9
3561,149,9,27.98,55.59,40.87,624.0
3562,149,10,26.49,62.05,40.69,651.2
3563,149,11,25.53,64.46,41.59,651.7
3564,149,12,25.28,69.55,42.34,635.8
3565,149,13,25.03,73.75,41.37,670.5
3566,149,14,24.21,75.99,41.6,676.2
3567,149,15,22.54,78.01,42.57,683.9
3568,149,16,22.08,81.91,42.85,699.6
3569,149,17,21.99,80.94,46.29,703.0
3570,149,18,22.05,83.58,48.03,736.9
3571,149,19,22.37,82.17,47.91,726.3
3572,149,20,22.71,81.69,45.42,742.0
3573,149,21,23.08,83.98,42.79,722.6
3574,149,22,23.43,80.34,45.77,690.1
3575,149,23,23.37,79.52,42.26,660.9
3576,150,0,24.7,69.98,41.2,593.5
3577,150,1,25.9,65.09,40.63,572.2
3578,150,2,27.18,62.08,38.75,564.4
3579,150,3,27.32,65.21,35.72,561.2
3580,150,4,28.39,56.67,33.54,501.9
3581,150,5,29.85,55.36,32.24,451.6
3582,150,6,29.85,59.67,30.97,439.5
3583,150,7,29.53,57.72,34.16,484.9
3584,150,8,29.17,58.77,34.64,503.0
3585,150,9,29.43,62.4,34.33,502.3
3586,150,10,27.79,66.18,35.57,493.5
3587,150,11,26.79,74.53,38.03,513.1
3588,150,12,25.23,79.24,38.39,
3589,150,13,23.9,86.5,41.32,599.6
3590,150,14,22.95,88.03,39.65,659.5
3591,150,15,22.84,88.17,43.0,659.1
3592,150,16,23.0,89.49,43.54,701.8
3593,150,17,22.56,87.27,43.79,
3594,150,18,21.98,89.44,42.5,704.7
3595,150,19,23.2,87.79,40.02,701.9
3596,150,20,23.01,84.44,36.64,701.6
3597,150,21,23.1,83.94,35.13,688.1
3598,150,22,,77.58,36.22,
3599,150,23,24.62,76.85,33.9,602.6
3600,151,0,26.05,71.77,30.46,593.0
3601,151,1,28.12,71.76,28.56,603.8
3602,151,2,28.02,66.9,27.86,554.3
3603,151,3,29.42,65.78,27.36,515.0
3604,151,4,29.82,63.8,27.45,492.2
3605,151,5,30.39,64.35,30.04,489.5
3606,151,6,29.45,63.76,33.03,488.6
3607,151,7,30.01,58.88,37.5,
3608,151,8,29.82,63.67,34.54,489.9
3609,151,9,28.95,65.67,33.7,521.4
3610,151,10,28.27,71.07,36.32,528.5
3611,151,11,26.72,76.42,36.59,557.3
3612,151,12,25.32,77.45,39.63,634.5
3613,151,13,24.05,78.4,41.18,627.2
3614,151,14,22.2,84.16,45.35,651.6
3615,151,15,22.02,86.29,48.0,647.7
3616,151,16,22.07,91.53,50.31,678.1
3617,151,17,21.28,92.22,49.28,722.1
3618,151,18,21.35,95.63,48.76,731.5
3619,151,19,21.35,95.87,47.63,724.8
3620,151,20,21.94,94.65,43.94,746.8
3621,151,21,22.25,90.52,46.3,731.7
3622,151,22,22.69,87.71,46.72,722.5
3623,151,23,24.31,87.25,44.71,704.2
3624,152,0,25.32,82.41,46.03,592.5
3625,152,1,27.38,79.45,43.25,563.0
3626,152,2,28.17,75.2,38.31,510.3
3627,152,3,28.38,71.78,39.6,
3628,152,4,29.6,73.92,36.3,498.3
3629,152,5,30.16,74.85,35.68,479.0
3630,152,6,30.48,73.12,36.15,525.5
3631,152,7,30.73,72.97,37.2,490.1
3632,152,8,29.71,71.15,39.35,476.7
3633,152,9,28.85,72.21,41.03,520.3
3634,152,10,27.82,75.61,42.75,538.5
3635,152,11,26.13,81.11,41.83,578.1
3636,152,12,25.03,86.36,43.35,607.7
3637,152,13,24.75,85.88,41.23,636.8
3638,152,14,23.84,91.92,45.5,660.1
3639,152,15,22.26,93.98,43.37,692.3
3640,152,16,20.93,92.75,43.46,729.2
3641,152,17,21.58,98.05,41.44,780.7
3642,152,18,21.4,100.0,40.57,773.0
3643,152,19,21.23,100.0,41.03,754.1
3644,152,20,21.58,100.0,40.08,726.4
3645,152,21,21.57,99.81,42.31,743.8
3646,152,22,23.33,99.59,42.22,730.5
3647,152,23,24.14,96.53,40.55,646.7
3648,153,0,25.93,86.97,39.55,568.0
3649,153,1,26.91,88.12,41.25,524.3
3650,153,2,28.52,86.1,42.14,511.1
3651,153,3,29.28,79.69,38.88,493.1
3652,153,4,30.17,72.84,36.99,493.6
3653,153,5,30.7,72.03,37.77,481.0
3654,153,6,30.89,69.78,38.46,515.8
3655,153,7,30.67,70.6,36.54,537.4
3656,153,8,29.91,73.62,38.69,546.9
3657,153,9,30.06,73.42,37.63,590.6
3658,153,10,28.45,72.61,41.32,566.5
3659,153,11,27.32,77.3,43.32,593.0
3660,153,12,26.16,79.38,41.97,627.7
3661,153,13,25.21,83.72,42.07,673.4
3662,153,14,23.91,83.28,42.17,656.9
3663,153,15,23.18,86.1,43.63,679.6
3664,153,16,22.39,91.14,44.12,713.3
3665,153,17,21.16,94.66,42.5,739.8
3666,153,18,21.15,92.77,40.33,773.9
3667,153,19,20.84,89.02,42.02,784.8
3668,153,20,20.56,88.23,42.73,765.0
3669,153,21,21.6,88.12,42.75,757.7
3670,153,22,22.92,86.55,42.84,721.1
3671,153,23,24.3,81.55,40.93,690.8
3672,154,0,,78.88,40.65,674.9
3673,154,1,25.76,79.69,45.01,635.7
3674,154,2,26.24,76.32,46.18,610.1
3675,154,3,28.35,67.93,44.36,603.1
3676,154,4,28.5,66.41,42.36,593.0
3677,154,5,29.34,71.2,36.06,601.8
3678,154,6,29.19,66.24,38.48,642.7
3679,154,7,29.2,66.8,40.36,644.4
3680,154,8,28.57,67.58,39.68,625.4
3681,154,9,,70.3,37.56,642.4
3682,154,10,27.63,74.01,36.48,664.5
3683,154,11,26.47,81.01,38.92,694.8
3684,154,12,24.98,84.71,40.23,749.1
3685,154,13,24.24,92.01,43.07,720.4
3686,154,14,22.77,94.47,44.46,778.6
3687,154,15,22.36,95.86,47.44,836.7
3688,154,16,23.16,95.79,48.82,852.1
3689,154,17,23.27,91.7,50.81,
3690,154,18,23.23,93.57,46.55,842.7
3691,154,19,23.04,99.6,44.17,825.3
3692,154,20,22.25,99.08,43.5,819.4
3693,154,21,22.25,98.25,45.51,803.9
3694,154,22,23.87,93.23,48.67,784.3
3695,154,23,24.44,88.43,47.21,757.5
3696,155,0,25.2,87.21,44.84,735.1
3697,155,1,26.28,88.75,39.92,708.7
3698,155,2,26.84,88.35,41.11,638.4
3699,155,3,27.26,86.03,39.39,624.9
3700,155,4,28.16,82.04,44.98,641.1
3701,155,5,28.35,79.66,42.79,612.1
3702,155,6,28.4,,46.73,631.7
3703,155,7,28.17,70.71,47.83,595.5
3704,155,8,28.35,68.52,45.55,595.5
3705,155,9,27.8,71.2,46.3,589.2
3706,155,10,27.07,73.55,,642.9
3707,155,11,26.58,72.98,48.36,703.0
3708,155,12,25.55,77.48,50.7,717.1
3709,155,13,24.45,81.07,52.87,765.6
3710,155,14,23.81,81.87,54.42,821.3
3711,155,15,,84.92,54.56,826.9
3712,155,16,22.59,87.41,52.26,833.6
3713,155,17,22.21,88.12,52.21,850.3
3714,155,18,21.66,92.57,52.46,819.0
3715,155,19,21.43,87.05,48.33,808.7
3716,155,20,22.35,80.9,48.43,842.3
3717,155,21,23.24,80.4,47.71,795.9
3718,155,22,24.28,79.24,44.42,781.8
3719,155,23,25.33,78.27,43.16,753.7
3720,156,0,26.31,73.89,41.92,706.2
3721,156,1,27.64,68.44,45.18,670.8
3722,156,2,28.95,66.18,44.67,676.6
3723,156,3,30.05,62.98,45.88,651.2
3724,156,4,30.39,66.5,44.78,635.7
3725,156,5,31.31,64.57,,649.0
3726,156,6,31.28,64.51,41.89,619.2
3727,156,7,31.21,73.01,40.77,582.6
3728,156,8,30.69,73.53,40.7,630.3
3729,156,9,29.94,77.31,39.48,639.1
3730,156,10,,81.93,40.89,674.1
3731,156,11,27.83,87.14,44.37,670.3
3732,156,12,28.07,91.11,47.41,702.3
3733,156,13,26.45,94.78,51.56,697.1
3734,156,14,25.24,97.95,55.62,724.3
3735,156,15,23.96,98.63,51.69,729.9
3736,156,16,22.94,100.0,49.75,726.9
3737,156,17,23.25,100.0,46.6,734.5
3738,156,18,22.58,100.0,48.43,685.1
3739,156,19,22.38,100.0,47.18,664.0
3740,156,20,21.96,100.0,46.18,686.1
3741,156,21,22.36,100.0,45.56,685.2
3742,156,22,22.52,99.07,45.94,640.2
3743,156,23,24.12,97.53,42.34,634.8
3744,157,0,26.75,97.09,39.39,588.1
3745,157,1,27.48,89.48,39.15,583.8
3746,157,2,27.55,83.44,41.3,556.6
3747,157,3,28.95,86.21,40.84,528.1
3748,157,4,29.23,82.75,39.0,511.8
3749,157,5,,85.49,34.81,568.5
3750,157,6,30.29,83.87,37.46,539.8
3751,157,7,29.81,83.52,36.74,547.7
3752,157,8,29.37,82.62,35.55,576.8
3753,157,9,29.17,86.64,33.62,566.8
3754,157,10,28.2,92.44,32.7,551.3
3755,157,11,26.98,91.26,33.04,570.7
3756,157,12,25.9,92.97,34.97,627.7
3757,157,13,24.29,98.75,34.87,653.3
3758,157,14,23.7,100.0,37.61,680.4
3759,157,15,22.08,100.0,39.18,732.3
3760,157,16,21.48,100.0,45.41,731.5
3761,157,17,21.72,100.0,43.01,744.5
3762,157,18,21.86,100.0,44.35,713.9
3763,157,19,22.37,100.0,45.33,726.1
3764,157,20,22.74,100.0,43.53,725.8
3765,157,21,23.96,96.35,43.89,730.8
3766,157,22,25.15,93.69,45.31,678.0
3767,157,23,26.15,90.19,45.03,649.1
3768,158,0,27.47,83.43,47.19,590.9
3769,158,1,28.64,77.77,41.9,562.7
3770,158,2,29.11,71.55,39.79,579.4
3771,158,3,29.1,70.71,42.56,548.2
3772,158,4,29.95,63.07,44.05,497.7
3773,158,5,30.58,59.81,44.82,476.2
3774,158,6,31.17,55.21,,440.8
3775,158,7,30.39,58.97,43.16,426.1
3776,158,8,29.49,56.66,45.3,471.3
3777,158,9,29.14,61.21,48.04,465.8
3778,158,10,28.27,71.05,47.32,513.7
3779,158,11,26.37,80.7,53.47,555.1
3780,158,12,25.72,79.46,54.31,582.8
3781,158,13,23.87,85.15,,630.0
3782,158,14,22.72,86.5,52.05,643.6
3783,158,15,22.89,87.01,51.31,699.9
3784,158,16,23.28,90.34,54.3,707.2
3785,158,17,22.19,96.71,55.59,717.0
3786,158,18,21.95,99.63,,716.4
3787,158,19,22.18,97.3,56.96,738.1
3788,158,20,23.53,98.46,58.02,744.5
3789,158,21,23.79,89.58,55.16,661.8
3790,158,22,24.32,85.23,53.69,654.9
3791,158,23,26.07,80.31,53.48,591.2
3792,159,0,26.77,77.99,51.37,565.8
3793,159,1,28.08,74.65,49.43,545.3
3794,159,2,28.17,71.69,48.39,519.3
3795,159,3,28.95,69.07,45.3,518.3
3796,159,4,28.81,67.71,40.29,525.0
3797,159,5,28.88,68.68,40.91,497.6
3798,159,6,29.71,69.16,37.23,479.5
3799,159,7,29.68,69.25,36.17,491.1
3800,159,8,29.24,72.44,33.94,471.7
3801,159,9,28.35,77.59,32.46,490.9
3802,159,10,27.58,78.99,35.53,561.4
3803,159,11,26.93,82.6,37.23,557.9
3804,159,12,26.49,90.15,38.85,590.5
3805,159,13,24.12,90.46,38.29,616.5
3806,159,14,22.99,99.66,39.15,706.2
3807,159,15,22.52,98.26,41.95,719.1
3808,159,16,22.05,99.65,43.51,729.5
3809,159,17,22.03,98.47,46.49,720.4
3810,159,18,22.13,100.0,49.23,732.5
3811,159,19,22.17,100.0,49.01,741.8
3812,159,20,22.38,100.0,45.34,712.3
3813,159,21,23.01,97.14,43.95,725.3
3814,159,22,24.53,94.52,43.76,709.7
3815,159,23,25.11,90.07,42.02,703.2
3816,160,0,26.17,86.04,39.73,661.7
3817,160,1,27.35,71.85,39.81,636.0
3818,160,2,29.12,69.92,44.58,600.3
3819,160,3,29.66,,43.08,611.5
3820,160,4,30.69,70.06,42.8,589.5
3821,160,5,31.55,73.14,40.12,572.4
3822,160,6,31.41,72.16,,552.3
3823,160,7,30.97,75.28,45.18,541.3
3824,160,8,30.28,73.32,47.25,559.4
3825,160,9,29.44,78.27,50.51,598.2
3826,160,10,29.01,79.62,50.12,602.2
3827,160,11,28.05,79.86,50.24,633.7
3828,160,12,27.02,83.76,54.54,668.4
3829,160,13,25.31,92.43,56.36,706.9
3830,160,14,,96.6,52.33,690.6
3831,160,15,24.24,100.0,54.01,696.5
3832,160,16,23.4,100.0,53.34,688.5
3833,160,17,22.53,100.0,55.53,712.4
3834,160,18,23.12,100.0,56.3,703.3
3835,160,19,23.27,100.0,52.43,698.2
3836,160,20,23.83,,52.7,667.8
3837,160,21,24.23,100.0,,652.9
3838,160,22,24.78,100.0,52.46,613.6
3839,160,23,25.6,94.69,52.58,619.4
3840,161,0,25.91,93.2,54.37,611.0
3841,161,1,27.02,93.99,53.72,590.9
3842,161,2,28.23,87.54,52.31,560.0
3843,161,3,,78.18,53.34,490.1
3844,161,4,30.57,77.3,56.56,472.3
3845,161,5,29.68,74.64,56.99,453.7
3846,161,6,29.9,73.71,56.17,469.3
3847,161,7,31.25,75.91,56.15,499.4
3848,161,8,31.1,75.86,56.05,526.1
3849,161,9,29.83,77.44,55.77,581.2
3850,161,10,29.2,80.35,60.07,590.9
3851,161,11,27.72,88.51,58.32,605.9
3852,161,12,25.97,92.07,60.73,666.3
3853,161,13,24.86,91.87,60.44,700.6
3854,161,14,24.06,92.02,57.5,721.9
3855,161,15,22.39,96.08,57.4,792.6
3856,161,16,21.43,95.49,56.48,818.9
3857,161,17,21.36,93.08,57.74,817.9
3858,161,18,21.27,96.75,57.67,798.5
3859,161,19,21.85,99.16,55.12,824.8
3860,161,20,21.8,97.07,57.54,810.6
3861,161,21,23.04,96.16,58.68,785.2
3862,161,22,23.4,94.03,60.44,771.2
3863,161,23,25.41,92.52,59.1,756.5
3864,162,0,25.6,90.5,57.19,729.4
3865,162,1,,78.62,56.85,710.0
3866,162,2,27.69,,53.94,680.2
3867,162,3,29.51,74.28,52.78,657.2
3868,162,4,30.27,71.16,51.23,607.5
3869,162,5,30.89,70.36,47.44,633.1
3870,162,6,30.93,72.6,47.43,584.8
3871,162,7,30.19,73.52,46.55,589.9
3872,162,8,29.58,79.66,46.42,561.6
3873,162,9,28.42,84.99,47.8,577.4
3874,162,10,27.13,86.95,51.11,587.6
3875,162,11,26.64,89.32,50.06,621.8
3876,162,12,25.22,84.15,50.32,662.5
3877,162,13,24.6,87.63,49.79,669.3
3878,162,14,23.16,87.82,49.22,700.8
3879,162,15,22.75,92.63,49.14,763.3
3880,162,16,22.05,96.31,49.75,746.8
3881,162,17,22.55,100.0,51.69,740.0
3882,162,18,22.59,100.0,52.68,771.0
3883,162,19,23.33,100.0,50.56,770.2
3884,162,20,23.21,,53.07,762.8
3885,162,21,23.84,100.0,54.36,769.4
3886,162,22,24.14,99.38,51.57,721.0
3887,162,23,24.97,93.72,53.09,678.9
3888,163,0,25.97,88.61,52.5,633.6
3889,163,1,26.75,86.54,50.89,597.7
3890,163,2,27.26,79.9,50.44,606.9
3891,163,3,27.63,76.08,49.31,538.4
3892,163,4,27.43,73.47,49.54,494.9
3893,163,5,,70.92,49.2,457.9
3894,163,6,,73.25,48.07,501.7
3895,163,7,28.18,75.76,43.94,
3896,163,8,27.53,80.59,45.6,507.0
3897,163,9,28.27,81.4,45.56,
3898,163,10,27.33,87.73,48.09,523.5
3899,163,11,26.76,86.48,,585.5
3900,163,12,26.2,86.01,50.21,629.3
3901,163,13,25.55,86.58,53.25,662.1
3902,163,14,23.8,90.95,54.38,656.1
3903,163,15,22.99,98.29,55.28,682.2
3904,163,16,21.68,98.99,55.37,714.2
3905,163,17,22.77,99.38,58.92,708.7
3906,163,18,21.8,99.69,,739.1
3907,163,19,21.55,100.0,55.98,763.1
3908,163,20,,98.65,52.86,739.6
3909,163,21,21.8,95.02,53.71,742.1
3910,163,22,23.67,88.37,51.59,714.7
3911,163,23,26.01,83.96,49.69,715.0
3912,164,0,,84.63,47.72,731.0
3913,164,1,27.02,81.48,47.0,661.7
3914,164,2,26.96,76.02,43.69,646.8
3915,164,3,27.97,77.21,38.77,647.3
3916,164,4,28.71,73.15,39.84,592.8
3917,164,5,29.02,76.18,35.84,560.6
3918,164,6,29.53,79.61,38.39,539.1
3919,164,7,29.77,79.54,42.36,539.7
3920,164,8,29.64,75.86,42.76,543.1
3921,164,9,28.9,85.04,46.32,558.8
3922,164,10,27.6,88.43,47.13,606.7
3923,164,11,27.13,90.15,51.32,586.8
3924,164,12,26.17,96.21,51.15,
3925,164,13,25.63,100.0,47.28,655.9
3926,164,14,25.02,100.0,48.39,703.5
3927,164,15,23.36,100.0,52.93,703.9
3928,164,16,22.05,100.0,54.56,742.7
3929,164,17,21.46,100.0,53.75,790.5
3930,164,18,21.01,100.0,54.48,790.7
3931,164,19,21.81,100.0,56.17,759.3
3932,164,20,22.53,100.0,55.29,771.2
3933,164,21,23.8,100.0,59.64,793.5
3934,164,22,24.78,98.31,57.02,738.7
3935,164,23,25.78,91.73,57.47,707.3
3936,165,0,27.33,90.22,57.23,700.5
3937,165,1,28.42,90.52,53.98,665.6
3938,165,2,29.22,84.44,51.57,586.9
3939,165,3,30.62,82.49,52.33,574.4
3940,165,4,31.04,80.76,51.37,530.3
3941,165,5,31.05,78.55,51.06,489.7
3942,165,6,30.6,72.82,47.06,449.9
3943,165,7,30.78,69.4,48.3,496.5
3944,165,8,30.89,68.99,48.94,494.0
3945,165,9,30.02,65.63,49.1,530.0
3946,165,10,29.68,74.31,50.34,575.3
3947,165,11,27.47,79.7,50.14,611.2
3948,165,12,26.39,83.96,49.75,651.5
3949,165,13,25.33,81.68,50.21,692.5
3950,165,14,24.0,80.97,50.2,723.8
3951,165,15,24.44,85.73,55.44,
3952,165,16,23.58,95.48,57.51,727.6
3953,165,17,22.84,95.45,55.43,741.5
3954,165,18,,99.29,59.34,746.6
3955,165,19,21.72,97.68,57.67,757.3
3956,165,20,21.89,96.82,56.8,774.6
3957,165,21,23.21,98.46,57.48,761.5
3958,165,22,23.79,94.21,52.1,712.8
3959,165,23,24.44,88.55,50.49,629.3
3960,166,0,26.3,89.19,48.21,587.2
3961,166,1,28.01,85.17,47.6,532.3
3962,166,2,29.1,84.56,47.35,498.5
3963,166,3,29.54,78.76,46.26,493.7
3964,166,4,29.98,80.28,45.3,487.8
3965,166,5,29.93,78.81,46.98,531.3
3966,166,6,29.62,78.8,47.19,539.9
3967,166,7,29.09,78.84,47.11,590.5
3968,166,8,28.6,78.01,47.52,612.1
3969,166,9,27.68,79.85,51.54,
3970,166,10,26.35,81.14,52.09,652.1
3971,166,11,25.88,87.37,51.42,645.0
3972,166,12,25.25,90.05,48.19,661.0
3973,166,13,25.27,88.99,46.34,690.2
3974,166,14,23.96,87.71,46.63,702.1
3975,166,15,23.34,86.35,47.57,703.1
3976,166,16,22.88,91.84,47.41,737.3
3977,166,17,22.33,90.75,48.9,726.6
3978,166,18,,93.34,48.17,698.2
3979,166,19,23.03,94.15,46.56,676.7
3980,166,20,23.47,93.21,47.89,672.1
3981,166,21,23.83,92.82,50.32,640.4
3982,166,22,24.4,90.62,47.29,623.8
3983,166,23,24.64,79.19,47.04,622.6
3984,167,0,25.38,75.59,42.35,614.4
3985,167,1,26.27,74.19,38.88,571.9
3986,167,2,26.87,76.4,37.5,517.1
3987,167,3,28.18,78.55,39.73,488.5
3988,167,4,29.59,71.64,38.02,496.9
3989,167,5,29.55,69.19,36.57,514.2
3990,167,6,29.93,,37.2,521.5
3991,167,7,29.32,69.99,38.01,556.4
3992,167,8,28.92,74.62,37.38,607.8
3993,167,9,28.08,77.77,42.62,605.0
3994,167,10,27.73,80.99,43.09,660.5
3995,167,11,26.52,88.34,44.48,671.8
3996,167,12,26.12,95.0,44.87,719.8
3997,167,13,24.97,100.0,47.0,757.5
3998,167,14,23.71,100.0,50.53,724.8
3999,167,15,22.34,100.0,54.53,722.6
4000,167,16,22.02,100.0,53.16,712.3
4001,167,17,22.2,100.0,,685.2
4002,167,18,22.21,100.0,56.23,722.6
4003,167,19,23.45,100.0,57.49,776.5
4004,167,20,24.32,100.0,56.22,755.6
4005,167,21,24.47,100.0,54.6,756.7
4006,167,22,24.9,100.0,55.12,764.8
4007,167,23,25.94,96.62,55.41,731.9
4008,168,0,26.38,92.78,,691.5
4009,168,1,,89.34,55.06,647.1
4010,168,2,28.92,83.07,52.92,626.3
4011,168,3,29.71,84.84,46.31,616.8
4012,168,4,30.53,82.36,42.18,600.4
4013,168,5,31.59,81.09,41.05,589.7
4014,168,6,31.48,84.46,38.85,574.8
4015,168,7,31.0,81.75,40.95,531.1
4016,168,8,31.14,81.5,38.86,564.7
4017,168,9,30.66,78.83,38.87,547.6
4018,168,10,29.31,80.73,39.21,589.2
4019,168,11,28.09,79.33,43.07,635.8
4020,168,12,26.95,85.49,43.07,634.4
4021,168,13,25.91,90.4,45.3,651.1
4022,168,14,24.08,92.81,46.81,736.1
4023,168,15,22.46,95.38,49.55,753.6
4024,168,16,21.53,99.87,,737.8
4025,168,17,20.85,97.52,51.86,770.6
4026,168,18,20.64,98.66,48.37,753.0
4027,168,19,21.36,100.0,47.9,701.8
4028,168,20,21.83,93.01,47.61,710.7
4029,168,21,22.7,93.04,47.68,673.5
4030,168,22,23.0,84.96,45.44,664.1
4031,168,23,23.93,81.63,46.96,619.9
4032,169,0,25.45,74.86,45.89,613.9
4033,169,1,26.89,76.21,42.96,590.9
4034,169,2,27.51,69.42,41.21,499.5
4035,169,3,28.5,62.04,44.44,495.8
4036,169,4,30.29,61.24,44.92,477.9
4037,169,5,30.5,59.48,46.29,509.5
4038,169,6,30.14,55.46,43.56,516.9
4039,169,7,29.87,58.96,42.07,539.8
4040,169,8,29.5,55.53,41.01,531.0
4041,169,9,28.76,56.44,42.06,530.4
4042,169,10,27.91,59.62,42.53,557.6
4043,169,11,26.22,67.43,42.55,580.1
4044,169,12,24.84,76.47,42.97,648.1
4045,169,13,23.93,84.31,42.59,673.3
4046,169,14,23.07,87.62,43.51,670.4
4047,169,15,22.11,83.64,46.87,678.1
4048,169,16,21.57,88.23,44.53,727.3
4049,169,17,21.36,94.89,45.97,736.6
4050,169,18,21.79,99.24,49.1,737.1
4051,169,19,21.89,99.77,48.53,761.8
4052,169,20,22.5,94.23,47.04,725.0
4053,169,21,22.84,90.28,48.32,651.7
4054,169,22,23.98,93.15,45.4,615.3
4055,169,23,25.1,84.74,44.47,603.9
4056,170,0,26.5,77.44,41.42,575.4
4057,170,1,27.75,76.81,36.91,513.7
4058,170,2,28.82,71.92,36.25,523.1
4059,170,3,29.39,65.44,33.47,509.5
4060,170,4,29.99,68.2,33.57,505.6
4061,170,5,30.77,68.03,36.08,507.2
4062,170,6,30.35,66.14,40.04,471.6
4063,170,7,29.78,63.14,40.34,489.0
4064,170,8,29.44,71.12,42.72,527.3
4065,170,9,28.96,72.99,43.9,574.6
4066,170,10,27.64,79.89,43.65,612.9
4067,170,11,26.66,85.33,40.56,648.0
4068,170,12,25.59,86.56,45.03,628.0
4069,170,13,23.47,88.13,43.81,658.7
4070,170,14,22.64,95.58,47.6,663.8
4071,170,15,21.94,100.0,49.27,724.2
4072,170,16,21.41,97.45,47.64,
4073,170,17,21.88,100.0,48.57,752.1
4074,170,18,21.12,99.49,52.81,753.6
4075,170,19,20.96,95.29,55.18,754.7
4076,170,20,20.22,94.43,52.93,763.3
4077,170,21,21.01,87.77,50.22,697.3
4078,170,22,22.0,83.53,49.15,619.2
4079,170,23,23.04,77.91,47.42,601.1
4080,171,0,24.94,73.16,48.43,515.0
4081,171,1,26.55,69.79,48.31,504.4
4082,171,2,27.57,63.78,43.3,503.6
4083,171,3,28.22,66.32,43.12,518.8
4084,171,4,29.42,65.66,41.8,487.2
4085,171,5,29.74,69.57,41.2,484.1
4086,171,6,29.41,67.95,41.3,499.8
4087,171,7,28.45,66.31,43.55,475.0
4088,171,8,28.03,72.83,45.4,514.7
4089,171,9,27.97,72.61,43.89,541.2
4090,171,10,28.37,74.61,44.15,550.3
4091,171,11,27.27,79.95,43.83,584.6
4092,171,12,25.72,79.46,41.23,613.1
4093,171,13,24.06,85.34,42.14,664.9
4094,171,14,23.46,90.31,46.88,682.9
4095,171,15,21.76,96.67,44.0,713.2
4096,171,16,21.59,100.0,44.67,715.6
4097,171,17,21.69,100.0,45.02,705.4
4098,171,18,21.77,100.0,45.8,718.4
4099,171,19,21.74,,43.74,695.1
4100,171,20,22.4,100.0,40.67,709.2
4101,171,21,23.05,94.77,37.73,707.0
4102,171,22,23.41,86.59,40.23,662.5
4103,171,23,,84.48,37.63,641.4
4104,172,0,26.0,85.1,36.09,592.3
4105,172,1,27.31,80.86,39.8,525.0
4106,172,2,26.91,79.34,37.42,490.4
4107,172,3,28.48,69.09,37.47,474.4
4108,172,4,29.81,64.9,39.06,477.1
4109,172,5,30.04,57.68,40.56,474.2
4110,172,6,30.31,60.09,37.44,496.8
4111,172,7,30.27,56.18,36.12,476.3
4112,172,8,29.36,54.59,37.23,482.5
4113,172,9,28.9,59.61,41.75,547.1
4114,172,10,27.53,66.68,40.7,521.2
4115,172,11,26.24,70.11,40.49,544.0
4116,172,12,25.8,76.01,42.3,
4117,172,13,25.17,81.56,44.42,589.6
4118,172,14,23.69,84.38,46.48,616.1
4119,172,15,,84.13,45.24,664.7
4120,172,16,21.49,88.54,44.63,695.3
4121,172,17,,91.95,45.4,678.0
4122,172,18,20.89,94.98,47.96,675.1
4123,172,19,21.3,94.93,47.0,679.7
4124,172,20,22.1,89.38,46.28,693.6
4125,172,21,22.65,89.01,43.35,738.8
4126,172,22,23.95,85.58,46.22,725.3
4127,172,23,24.64,80.23,,663.1
4128,173,0,25.49,75.38,45.9,626.6
4129,173,1,26.0,69.45,44.35,597.8
4130,173,2,27.54,68.76,43.02,
4131,173,3,27.93,61.3,38.69,539.9
4132,173,4,28.78,56.35,,461.9
4133,173,5,29.14,54.57,35.99,470.5
4134,173,6,28.74,59.64,36.01,458.0
4135,173,7,28.41,63.37,36.54,464.2
4136,173,8,28.84,59.61,34.38,517.3
4137,173,9,28.28,66.33,33.4,503.0
4138,173,10,26.91,73.24,36.69,537.9
4139,173,11,26.16,72.63,41.23,588.3
4140,173,12,,68.74,40.75,622.1
4141,173,13,25.79,73.12,43.01,610.7
4142,173,14,24.65,80.75,44.1,677.7
4143,173,15,23.34,88.78,44.42,695.8
4144,173,16,23.22,88.11,48.53,701.2
4145,173,17,21.6,94.78,47.45,706.9
4146,173,18,21.46,87.89,49.63,703.9
4147,173,19,22.54,86.44,49.61,673.5
4148,173,20,22.63,83.96,48.52,672.9
4149,173,21,22.22,85.41,50.03,644.5
4150,173,22,22.87,86.11,48.96,643.4
4151,173,23,24.62,84.79,47.01,630.8
4152,174,0,25.74,76.02,48.03,641.2
4153,174,1,26.24,74.46,48.58,599.5
4154,174,2,26.85,71.82,48.94,546.6
4155,174,3,27.45,63.03,39.12,484.8
4156,174,4,28.37,54.44,39.04,525.8
4157,174,5,29.48,56.79,38.68,526.5
4158,174,6,30.04,56.0,38.09,499.3
4159,174,7,29.95,52.95,39.09,543.4
4160,174,8,28.68,54.53,39.57,580.9
4161,174,9,27.36,58.7,41.1,554.0
4162,174,10,26.91,62.02,40.85,554.6
4163,174,11,25.3,61.42,44.36,578.5
4164,174,12,24.32,71.89,46.25,581.7
4165,174,13,23.58,78.92,47.57,613.5
4166,174,14,22.14,81.28,48.69,663.1
4167,174,15,,83.39,50.99,653.4
4168,174,16,20.55,86.86,52.66,684.8
4169,174,17,20.6,84.83,51.73,729.0
4170,174,18,21.11,86.59,52.86,741.3
4171,174,19,21.54,82.21,51.99,732.3
4172,174,20,21.9,81.07,54.4,701.2
4173,174,21,22.09,75.71,54.66,703.4
4174,174,22,22.4,70.13,51.18,646.3
4175,174,23,23.23,72.61,53.74,625.5
4176,175,0,24.62,69.33,47.0,595.8
4177,175,1,25.9,66.42,46.31,593.4
4178,175,2,,56.99,42.99,546.1
4179,175,3,26.5,53.0,45.19,507.7
4180,175,4,28.0,53.01,44.01,458.5
4181,175,5,28.53,,41.03,462.9
4182,175,6,,46.39,39.62,451.1
4183,175,7,29.24,,37.71,437.7
4184,175,8,28.75,52.39,37.08,437.1
4185,175,9,28.23,59.38,36.74,478.1
4186,175,10,27.51,60.72,35.84,480.5
4187,175,11,26.25,58.02,37.28,492.6
4188,175,12,24.79,60.06,38.99,557.0
4189,175,13,24.85,62.02,37.85,589.9
4190,175,14,24.19,69.44,35.53,648.3
4191,175,15,23.52,65.52,37.33,665.4
4192,175,16,22.88,68.53,39.29,686.7
4193,175,17,21.69,76.18,41.26,704.5
4194,175,18,22.06,77.85,42.46,744.3
4195,175,19,21.54,81.02,45.31,768.5
4196,175,20,21.98,75.14,46.45,776.7
4197,175,21,21.68,69.01,50.55,730.3
4198,175,22,21.56,71.71,54.83,673.1
4199,175,23,22.95,69.2,48.74,660.4
4200,176,0,23.76,66.28,42.21,658.5
4201,176,1,24.02,59.58,40.6,646.8
4202,176,2,25.63,57.13,40.15,605.6
4203,176,3,27.76,51.31,38.61,588.1
4204,176,4,29.07,53.53,38.89,575.7
4205,176,5,29.19,60.69,37.36,554.5
4206,176,6,29.23,61.07,35.36,543.6
4207,176,7,29.46,58.99,34.12,539.5
4208,176,8,29.47,52.52,33.95,522.4
4209,176,9,28.42,50.42,36.17,
4210,176,10,27.45,59.3,35.75,524.7
4211,176,11,26.51,60.24,35.99,514.8
4212,176,12,25.62,63.73,38.08,556.3
4213,176,13,24.35,70.34,38.53,591.6
4214,176,14,23.21,78.83,41.59,644.2
4215,176,15,22.99,81.18,40.23,701.6
4216,176,16,22.75,82.27,38.46,750.0
4217,176,17,22.3,84.06,39.57,789.1
4218,176,18,22.75,82.72,40.55,761.9
4219,176,19,22.29,80.73,38.62,714.3
4220,176,20,23.23,80.89,41.03,724.3
4221,176,21,23.75,79.27,44.07,735.3
4222,176,22,25.85,82.68,41.45,740.2
4223,176,23,25.6,79.7,43.09,709.8
4224,177,0,25.91,78.52,36.67,615.5
4225,177,1,26.92,70.34,37.69,589.6
4226,177,2,27.85,67.72,34.71,569.8
4227,177,3,29.43,61.75,35.73,570.2
4228,177,4,29.36,60.19,32.88,576.9
4229,177,5,29.98,60.29,32.27,573.8
4230,177,6,30.42,59.26,30.46,539.9
4231,177,7,30.29,66.39,30.27,
4232,177,8,29.07,70.76,34.47,527.5
4233,177,9,28.96,74.92,34.64,520.3
4234,177,10,28.46,78.35,39.49,579.4
4235,177,11,27.44,85.23,39.08,558.0
4236,177,12,26.17,82.39,42.62,603.0
4237,177,13,24.95,88.77,39.68,639.7
4238,177,14,23.68,87.49,39.74,660.2
4239,177,15,22.98,87.57,39.25,660.0
4240,177,16,22.13,90.66,42.84,629.2
4241,177,17,21.12,94.79,43.2,637.2
4242,177,18,20.4,90.45,38.75,638.2
4243,177,19,20.21,87.59,36.03,672.1
4244,177,20,20.84,85.85,33.9,645.1
4245,177,21,21.53,82.39,35.6,644.1
4246,177,22,22.53,81.46,36.62,590.9
4247,177,23,23.77,87.5,35.09,582.2
4248,178,0,24.46,83.06,33.06,500.4
4249,178,1,26.26,75.22,33.65,534.5
4250,178,2,26.98,66.43,30.46,
4251,178,3,27.52,61.68,30.79,413.3
4252,178,4,28.39,56.0,31.03,389.3
4253,178,5,27.81,55.82,30.12,380.0
4254,178,6,27.69,,30.87,380.0
4255,178,7,28.23,55.16,31.21,380.0
4256,178,8,27.01,62.44,32.58,
4257,178,9,27.15,61.74,30.42,396.7
4258,178,10,27.13,63.99,32.63,408.0
4259,178,11,25.88,69.11,35.66,474.9
4260,178,12,24.94,75.08,37.14,547.7
4261,178,13,24.4,81.95,39.14,577.8
4262,178,14,23.03,85.64,39.54,611.9
4263,178,15,22.55,90.68,41.86,613.4
4264,178,16,21.42,89.61,42.19,642.5
4265,178,17,20.73,92.82,39.88,666.9
4266,178,18,20.19,94.79,41.52,670.4
4267,178,19,20.58,97.38,37.82,681.1
4268,178,20,21.58,89.07,38.04,679.6
4269,178,21,22.03,82.97,36.63,635.3
4270,178,22,22.17,81.78,34.98,645.1
4271,178,23,22.67,69.42,34.51,610.6
4272,179,0,24.08,67.27,32.16,621.9
4273,179,1,26.14,66.62,32.37,595.5
4274,179,2,27.19,60.93,31.63,609.2
4275,179,3,27.7,56.44,29.64,600.7
4276,179,4,28.66,50.9,31.88,571.9
4277,179,5,28.81,48.28,31.79,527.8
4278,179,6,28.68,46.86,32.79,496.9
4279,179,7,28.04,46.0,35.51,
4280,179,8,28.42,46.13,38.21,518.2
4281,179,9,26.43,48.7,39.27,516.5
4282,179,10,26.19,51.94,38.71,559.3
4283,179,11,25.07,62.14,36.17,583.5
4284,179,12,23.93,65.01,37.33,630.6
4285,179,13,23.86,70.21,40.25,630.0
4286,179,14,22.47,72.22,41.42,681.3
4287,179,15,21.32,73.87,34.84,712.7
4288,179,16,20.69,71.63,37.44,754.7
4289,179,17,20.58,69.46,,780.7
4290,179,18,20.24,67.83,39.09,770.1
4291,179,19,19.65,69.6,40.84,751.6
4292,179,20,19.82,72.79,41.41,
4293,179,21,21.34,65.94,39.03,736.0
4294,179,22,22.28,62.61,40.54,719.3
4295,179,23,23.52,56.35,36.6,669.1
4296,180,0,24.42,53.44,35.3,582.9
4297,180,1,25.14,54.43,33.83,520.8
4298,180,2,27.03,50.54,31.14,506.4
4299,180,3,27.66,48.38,31.02,501.2
4300,180,4,28.01,51.34,33.03,491.5
4301,180,5,28.95,51.55,34.88,506.0
4302,180,6,28.61,48.89,35.72,505.5
4303,180,7,28.16,50.27,31.9,483.4
4304,180,8,27.81,49.56,29.46,507.4
4305,180,9,27.21,53.75,30.54,526.1
4306,180,10,26.54,,31.36,532.0
4307,180,11,26.61,58.35,31.4,571.0
4308,180,12,25.53,63.33,36.41,600.8
4309,180,13,23.1,67.31,37.41,613.6
4310,180,14,22.37,72.99,39.23,637.8
4311,180,15,21.59,78.78,41.71,698.3
4312,180,16,20.99,82.46,41.97,746.9
4313,180,17,20.73,82.75,47.1,754.2
4314,180,18,20.56,85.91,44.43,751.0
4315,180,19,20.66,82.32,42.44,703.4
4316,180,20,21.36,76.76,39.7,733.3
4317,180,21,21.66,65.17,41.96,732.7
4318,180,22,22.02,63.35,42.22,716.5
4319,180,23,24.59,58.6,39.55,619.2
4320,181,0,25.04,57.39,36.33,588.0
4321,181,1,26.02,48.74,37.83,552.5
4322,181,2,26.14,44.91,37.1,540.1
4323,181,3,27.1,44.96,38.58,501.0
4324,181,4,27.31,40.86,37.08,475.2
4325,181,5,27.62,42.16,37.05,478.8
4326,181,6,28.43,41.22,36.82,453.2
4327,181,7,28.54,42.93,35.03,444.0
4328,181,8,28.39,47.36,34.65,463.8
4329,181,9,26.78,53.4,32.5,518.2
4330,181,10,26.98,57.14,34.18,559.8
4331,181,11,25.33,58.6,36.45,609.6
4332,181,12,25.1,,39.12,633.2
4333,181,13,24.45,68.08,40.98,693.6
4334,181,14,23.58,68.97,41.09,666.7
4335,181,15,22.11,72.21,44.52,738.1
4336,181,16,21.46,74.09,46.17,800.0
4337,181,17,20.74,75.99,,806.0
4338,181,18,20.6,74.13,50.46,814.4
4339,181,19,20.59,69.02,48.83,792.2
4340,181,20,19.98,70.58,48.11,760.5
4341,181,21,21.39,72.23,47.96,714.7
4342,181,22,22.23,64.4,43.73,681.2
4343,181,23,23.01,63.11,39.74,660.0
4344,182,0,23.86,63.42,35.64,632.1
4345,182,1,25.2,61.76,34.24,643.0
4346,182,2,25.79,57.07,32.49,602.5
4347,182,3,25.63,51.44,28.75,528.1
4348,182,4,26.81,49.91,28.66,545.3
4349,182,5,27.7,49.66,28.27,492.4
4350,182,6,27.87,49.8,30.7,470.2
4351,182,7,27.29,50.05,34.8,479.6
4352,182,8,27.15,48.62,35.66,499.8
4353,182,9,25.95,52.94,34.41,479.3
4354,182,10,24.89,57.9,36.22,487.9
4355,182,11,23.87,62.34,36.8,484.8
4356,182,12,23.6,66.68,36.99,541.1
4357,182,13,22.56,75.67,36.02,607.7
4358,182,14,21.56,76.87,35.98,606.8
4359,182,15,21.9,83.57,36.48,661.6
4360,182,16,21.4,83.07,38.78,704.6
4361,182,17,21.1,87.57,40.1,697.2
4362,182,18,20.69,91.09,43.69,651.7
4363,182,19,20.5,88.65,44.36,628.3
4364,182,20,19.84,91.33,,611.7
4365,182,21,21.2,89.04,42.3,642.2
4366,182,22,22.36,81.98,38.88,618.0
4367,182,23,23.27,76.39,36.53,567.4
4368,183,0,24.28,75.31,33.98,
4369,183,1,25.74,73.26,27.86,488.6
4370,183,2,25.89,65.31,25.43,481.9
4371,183,3,26.56,61.15,28.5,438.6
4372,183,4,26.79,58.88,28.92,407.5
4373,183,5,28.32,55.34,27.97,415.5
4374,183,6,28.91,61.64,28.9,462.7
4375,183,7,27.6,61.77,25.28,521.7
4376,183,8,26.61,62.05,26.78,499.4
4377,183,9,26.19,67.13,30.4,500.4
4378,183,10,25.36,67.94,31.12,537.7
4379,183,11,23.98,73.65,28.69,593.6
4380,183,12,24.24,,29.38,564.3
4381,183,13,23.42,73.46,33.5,600.3
4382,183,14,22.72,80.01,35.2,619.1
4383,183,15,21.51,87.27,33.34,599.4
4384,183,16,21.29,86.28,39.12,595.3
4385,183,17,20.66,84.47,36.92,606.9
4386,183,18,20.39,86.44,36.74,626.3
4387,183,19,20.87,83.64,34.73,659.0
4388,183,20,,81.2,32.65,661.9
4389,183,21,22.0,81.43,31.67,670.4
4390,183,22,22.87,76.36,32.71,645.9
4391,183,23,24.42,66.76,34.74,599.1
4392,184,0,24.75,59.6,,565.8
4393,184,1,25.29,56.78,30.18,554.9
4394,184,2,25.74,48.48,30.54,551.5
4395,184,3,26.87,45.95,30.97,518.9
4396,184,4,,40.8,30.93,473.7
4397,184,5,27.9,45.97,31.15,471.1
4398,184,6,27.65,52.9,30.79,478.7
4399,184,7,27.07,50.3,31.15,511.5
4400,184,8,26.93,53.0,31.19,500.2
4401,184,9,26.29,52.8,34.01,499.7
4402,184,10,25.35,,39.13,543.6
4403,184,11,25.42,65.28,39.86,559.6
4404,184,12,24.39,67.69,40.31,578.6
4405,184,13,24.04,70.83,41.35,642.1
4406,184,14,22.72,71.82,40.49,633.0
4407,184,15,22.0,78.9,42.53,711.2
4408,184,16,21.3,71.54,43.61,708.9
4409,184,17,20.03,72.94,42.69,739.8
4410,184,18,20.76,74.56,44.28,735.5
4411,184,19,20.81,73.19,43.7,733.9
4412,184,20,21.58,75.5,,710.6
4413,184,21,21.76,77.5,40.79,710.0
4414,184,22,22.53,70.41,40.19,670.8
4415,184,23,23.09,73.81,40.88,624.0
4416,185,0,24.85,65.56,41.08,637.4
4417,185,1,26.01,65.97,39.28,599.6
4418,185,2,27.1,62.72,36.9,547.3
4419,185,3,28.52,57.99,35.76,482.3
4420,185,4,29.54,54.46,35.56,513.0
4421,185,5,30.05,53.08,35.8,482.9
4422,185,6,29.17,53.41,35.88,528.8
4423,185,7,28.6,51.28,35.42,533.8
4424,185,8,27.69,52.52,37.47,540.2
4425,185,9,27.52,,36.25,555.2
4426,185,10,26.78,53.24,41.73,627.8
4427,185,11,25.11,55.47,43.44,587.2
4428,185,12,24.11,57.14,41.37,619.3
4429,185,13,22.45,61.27,42.24,639.2
4430,185,14,21.71,67.67,44.24,660.1
4431,185,15,20.26,72.3,43.75,687.1
4432,185,16,20.22,81.58,40.92,697.7
4433,185,17,20.22,76.61,,713.9
4434,185,18,21.17,79.47,40.43,716.3
4435,185,19,21.65,79.64,36.77,678.5
4436,185,20,21.69,81.18,33.81,680.3
4437,185,21,22.66,81.18,34.84,681.3
4438,185,22,22.64,77.53,34.01,642.1
4439,185,23,,74.45,32.09,661.3
4440,186,0,24.47,68.3,30.61,657.8
4441,186,1,24.49,66.51,27.22,638.0
4442,186,2,25.71,57.25,28.05,618.3
4443,186,3,26.24,57.16,26.26,581.3
4444,186,4,27.21,55.03,25.3,579.7
4445,186,5,27.28,52.38,26.39,
4446,186,6,27.91,51.62,26.38,592.0
4447,186,7,27.96,52.14,25.74,563.9
4448,186,8,28.41,58.02,22.88,561.9
4449,186,9,27.75,70.08,25.3,584.5
4450,186,10,26.52,75.66,27.16,618.9
4451,186,11,25.5,76.11,27.86,633.2
4452,186,12,23.87,80.8,27.63,639.5
4453,186,13,23.23,85.53,29.63,703.4
4454,186,14,22.68,85.1,32.39,693.9
4455,186,15,23.12,83.65,34.09,689.3
4456,186,16,21.96,85.62,38.58,673.8
4457,186,17,21.31,89.38,40.6,666.0
4458,186,18,20.83,84.62,40.57,708.0
4459,186,19,,82.16,41.98,737.1
4460,186,20,21.66,82.83,41.59,719.4
4461,186,21,22.22,80.77,40.97,709.8
4462,186,22,23.56,82.08,42.66,680.4
4463,186,23,24.09,73.87,39.57,618.1
4464,187,0,25.57,77.25,38.48,643.9
4465,187,1,26.74,68.09,39.73,640.2
4466,187,2,27.55,58.37,39.06,609.0
4467,187,3,28.09,55.8,37.15,552.0
4468,187,4,29.87,50.68,,521.4
4469,187,5,29.57,50.06,28.07,488.0
4470,187,6,29.7,50.23,32.67,485.4
4471,187,7,29.04,50.98,33.53,496.2
4472,187,8,29.49,50.76,32.81,497.6
4473,187,9,29.08,55.46,34.31,479.9
4474,187,10,27.66,58.37,33.32,563.2
4475,187,11,26.81,66.08,33.89,594.5
4476,187,12,25.75,69.72,33.35,633.0
4477,187,13,24.3,71.04,32.04,648.5
4478,187,14,23.64,70.25,29.5,635.8
4479,187,15,22.88,74.02,28.21,662.2
4480,187,16,22.21,73.72,32.17,676.6
4481,187,17,21.66,72.61,31.55,710.6
4482,187,18,21.63,76.47,33.82,738.2
4483,187,19,21.76,,36.46,750.7
4484,187,20,22.07,76.59,36.67,758.4
4485,187,21,22.28,75.82,35.97,776.5
4486,187,22,23.94,,35.94,747.9
4487,187,23,24.2,67.67,34.61,733.6
4488,188,0,25.41,67.22,36.49,699.8
4489,188,1,26.22,64.06,39.42,606.7
4490,188,2,28.04,59.04,41.19,568.6
4491,188,3,28.22,57.36,35.61,518.3
4492,188,4,28.42,50.59,34.14,505.0
4493,188,5,28.36,45.39,33.88,472.4
4494,188,6,28.78,43.17,34.79,485.8
4495,188,7,28.02,46.6,31.49,514.2
4496,188,8,27.57,49.62,28.77,552.4
4497,188,9,26.06,56.5,32.7,604.2
4498,188,10,25.72,57.67,32.77,574.5
4499,188,11,24.79,64.07,31.21,569.1
4500,188,12,23.28,68.35,30.73,674.1
4501,188,13,23.16,70.1,33.41,720.1
4502,188,14,21.73,75.83,33.42,742.2
4503,188,15,21.58,79.46,35.53,756.4
4504,188,16,20.74,80.62,34.88,764.3
4505,188,17,21.33,83.06,32.6,719.9
4506,188,18,21.57,83.9,36.67,705.1
4507,188,19,21.12,83.61,38.02,701.5
4508,188,20,21.1,81.54,37.51,674.9
4509,188,21,22.16,75.98,36.4,
4510,188,22,22.9,74.23,39.12,692.8
4511,188,23,23.84,69.18,39.6,653.8
4512,189,0,25.57,63.4,40.99,627.6
4513,189,1,26.16,60.19,38.68,599.8
4514,189,2,27.19,60.1,37.85,582.3
4515,189,3,28.5,58.46,,540.6
4516,189,4,29.45,55.22,36.05,550.3
4517,189,5,29.62,52.86,35.52,542.7
4518,189,6,29.51,55.22,34.3,499.2
4519,189,7,28.45,49.17,35.43,499.3
4520,189,8,27.66,54.49,33.28,506.3
4521,189,9,27.39,52.23,35.42,520.0
4522,189,10,26.64,52.63,37.09,558.5
4523,189,11,25.84,56.58,37.78,
4524,189,12,25.42,68.82,39.89,643.0
4525,189,13,23.76,78.58,40.26,677.9
4526,189,14,,84.48,40.03,703.8
4527,189,15,22.15,88.54,42.21,670.1
4528,189,16,21.23,85.12,44.15,712.8
4529,189,17,21.67,87.58,43.55,737.6
4530,189,18,21.94,86.83,42.61,715.8
4531,189,19,22.1,84.41,42.34,721.4
4532,189,20,23.27,84.16,41.08,726.9
4533,189,21,22.88,81.0,43.84,735.8
4534,189,22,23.63,81.25,43.65,718.2
4535,189,23,24.73,72.17,42.66,690.8
4536,190,0,25.22,69.53,39.71,676.7
4537,190,1,26.44,63.88,40.31,628.7
4538,190,2,26.84,60.13,38.11,603.4
4539,190,3,28.13,59.06,36.1,555.9
4540,190,4,29.31,54.21,37.26,560.9
4541,190,5,29.76,54.39,,501.4
4542,190,6,28.87,54.24,32.56,517.6
4543,190,7,28.36,53.73,32.88,519.0
4544,190,8,28.42,54.91,34.01,552.5
4545,190,9,27.89,57.98,34.39,546.2
4546,190,10,,59.85,35.99,
4547,190,11,25.78,64.71,33.71,599.8
4548,190,12,24.95,68.85,29.8,639.8
4549,190,13,23.61,71.96,30.09,641.5
4550,190,14,23.3,81.51,32.91,687.6
4551,190,15,22.17,86.33,28.39,665.0
4552,190,16,21.28,87.83,28.99,673.3
4553,190,17,21.21,90.15,27.2,653.7
4554,190,18,22.05,87.87,28.74,690.8
4555,190,19,22.88,86.69,34.27,704.1
4556,190,20,23.21,84.96,34.62,708.4
4557,190,21,23.85,79.6,34.89,728.6
4558,190,22,24.84,78.78,36.77,
4559,190,23,24.91,74.51,36.61,677.1
4560,191,0,26.18,70.51,35.84,644.0
4561,191,1,26.72,65.9,37.33,607.4
4562,191,2,27.82,72.23,37.73,608.7
4563,191,3,28.48,67.02,37.77,629.0
4564,191,4,29.35,58.58,37.07,585.4
4565,191,5,29.74,53.16,36.2,584.3
4566,191,6,28.28,56.29,,576.7
4567,191,7,28.49,61.75,37.71,578.0
4568,191,8,28.6,61.55,40.71,585.7
4569,191,9,28.28,68.34,39.13,586.6
4570,191,10,27.43,73.71,42.94,514.8
4571,191,11,27.32,76.54,44.66,589.5
4572,191,12,26.31,79.53,43.51,603.9
4573,191,13,25.35,83.95,45.53,632.1
4574,191,14,24.76,90.15,45.07,659.2
4575,191,15,23.88,94.09,45.99,668.4
4576,191,16,22.58,94.0,45.67,699.8
4577,191,17,20.88,94.83,45.93,715.3
4578,191,18,20.69,100.0,48.09,705.5
4579,191,19,21.4,100.0,48.94,711.3
4580,191,20,21.7,100.0,46.14,703.3
4581,191,21,22.84,99.38,43.46,711.6
4582,191,22,23.75,96.06,43.48,653.4
4583,191,23,25.34,91.78,43.43,609.5
4584,192,0,26.09,89.68,41.19,604.0
4585,192,1,27.28,86.85,43.6,560.6
4586,192,2,28.39,82.79,44.19,514.6
4587,192,3,29.84,76.44,41.89,483.2
4588,192,4,29.36,74.45,39.74,470.7
4589,192,5,29.5,71.94,38.97,464.5
4590,192,6,30.08,69.83,38.3,
4591,192,7,30.65,77.9,41.14,448.1
4592,192,8,30.16,73.41,43.43,489.3
4593,192,9,29.19,78.03,43.87,547.2
4594,192,10,28.62,77.64,45.82,524.1
4595,192,11,27.92,81.17,48.09,521.2
4596,192,12,26.48,92.3,48.77,589.2
4597,192,13,25.47,91.98,50.19,665.9
4598,192,14,24.95,92.62,51.88,641.1
4599,192,15,24.84,95.23,53.16,694.0
4600,192,16,24.2,94.71,51.67,757.5
4601,192,17,23.45,98.84,50.36,744.8
4602,192,18,22.99,97.43,49.75,789.0
4603,192,19,23.17,98.8,48.1,775.1
4604,192,20,23.27,93.01,44.82,767.1
4605,192,21,23.82,85.43,45.89,725.6
4606,192,22,23.96,82.49,45.95,724.8
4607,192,23,25.55,75.01,42.41,712.1
4608,193,0,25.87,77.0,41.26,717.2
4609,193,1,26.68,69.15,40.24,709.8
4610,193,2,27.74,63.52,40.03,664.7
4611,193,3,29.59,63.01,37.36,704.2
4612,193,4,29.84,59.92,34.52,695.8
4613,193,5,29.81,55.01,35.9,672.8
4614,193,6,29.66,62.18,33.25,620.8
4615,193,7,30.4,60.34,33.74,571.0
4616,193,8,28.47,62.19,34.27,539.3
4617,193,9,27.51,64.85,35.44,534.0
4618,193,10,28.29,70.97,37.51,596.0
4619,193,11,27.55,76.5,42.28,634.3
4620,193,12,25.84,78.21,40.35,645.9
4621,193,13,24.81,81.69,43.68,672.3
4622,193,14,23.89,85.25,39.93,694.3
4623,193,15,23.5,91.25,44.33,739.8
4624,193,16,23.71,90.44,41.32,734.4
4625,193,17,23.26,98.69,47.4,756.4
4626,193,18,22.62,96.82,47.0,767.7
4627,193,19,23.02,96.47,49.74,741.2
4628,193,20,22.89,91.67,51.53,771.0
4629,193,21,22.93,85.97,49.82,740.4
4630,193,22,22.93,81.23,48.19,688.4
4631,193,23,23.32,75.89,45.55,682.6
4632,194,0,24.24,72.17,46.27,651.2
4633,194,1,25.04,66.75,44.39,628.8
4634,194,2,26.56,66.8,41.87,567.4
4635,194,3,27.08,62.5,42.37,564.9
4636,194,4,26.5,,40.06,598.9
4637,194,5,26.98,57.54,39.3,546.1
4638,194,6,27.46,61.46,39.72,547.9
4639,194,7,27.54,63.54,38.85,528.4
4640,194,8,28.37,65.48,38.66,607.4
4641,194,9,27.66,64.27,42.82,647.1
4642,194,10,27.52,65.08,43.34,665.6
4643,194,11,26.65,66.29,43.73,651.5
4644,194,12,25.69,75.81,44.62,652.0
4645,194,13,24.31,82.33,46.78,700.4
4646,194,14,23.46,84.1,45.79,691.4
4647,194,15,22.38,86.48,47.79,684.9
4648,194,16,22.0,87.45,49.14,710.8
4649,194,17,21.61,87.53,46.09,731.7
4650,194,18,21.13,90.84,50.3,749.6
4651,194,19,21.96,90.55,53.17,736.8
4652,194,20,22.63,96.37,50.95,751.4
4653,194,21,23.05,97.93,48.04,710.5
4654,194,22,24.0,98.48,47.87,704.2
4655,194,23,24.95,96.18,44.19,680.9
4656,195,0,25.58,90.18,46.3,664.2
4657,195,1,26.76,87.5,44.43,660.0
4658,195,2,27.5,82.1,46.9,612.9
4659,195,3,27.99,83.38,44.28,567.6
4660,195,4,28.01,81.18,43.45,505.4
4661,195,5,28.55,79.43,45.65,448.6
4662,195,6,29.27,78.29,44.67,452.5
4663,195,7,28.97,83.1,45.24,465.1
4664,195,8,30.04,78.86,47.68,459.9
4665,195,9,29.77,86.02,46.85,469.8
4666,195,10,29.44,87.27,44.96,546.7
4667,195,11,28.63,85.59,43.09,603.7
4668,195,12,28.24,86.78,45.66,
4669,195,13,26.4,85.61,47.69,631.7
4670,195,14,23.91,91.7,50.89,678.0
4671,195,15,22.92,91.91,51.08,691.8
4672,195,16,22.66,95.37,48.82,697.0
4673,195,17,22.35,100.0,44.77,708.9
4674,195,18,22.36,99.21,51.36,748.8
4675,195,19,23.13,98.13,52.34,777.3
4676,195,20,23.57,93.04,52.18,745.2
4677,195,21,24.44,90.24,52.04,738.9
4678,195,22,24.6,95.67,48.24,713.3
4679,195,23,24.95,94.17,45.88,658.7
4680,196,0,26.84,89.04,48.67,623.7
4681,196,1,27.81,83.02,48.91,565.1
4682,196,2,28.36,79.23,46.25,573.4
4683,196,3,28.86,76.5,42.98,590.0
4684,196,4,29.22,,41.57,557.1
4685,196,5,29.37,73.01,40.87,527.5
4686,196,6,29.02,69.55,45.2,551.0
4687,196,7,28.39,67.45,44.89,582.6
4688,196,8,28.24,70.65,,559.7
4689,196,9,27.61,69.92,43.62,573.3
4690,196,10,27.64,75.98,45.19,595.8
4691,196,11,,79.98,43.73,605.0
4692,196,12,26.13,78.76,45.96,648.2
4693,196,13,24.76,83.96,49.68,662.4
4694,196,14,23.84,83.37,50.92,681.1
4695,196,15,23.29,89.91,50.14,708.2
4696,196,16,23.05,92.49,49.86,694.5
4697,196,17,22.57,100.0,47.18,664.5
4698,196,18,22.95,100.0,47.6,707.3
4699,196,19,22.97,100.0,48.6,694.6
4700,196,20,23.66,93.03,46.82,747.3
4701,196,21,23.9,89.26,50.62,779.1
4702,196,22,23.74,83.54,51.49,735.5
4703,196,23,24.96,86.78,46.88,761.9
4704,197,0,26.43,83.42,42.62,742.8
4705,197,1,27.74,82.83,40.25,682.3
4706,197,2,28.85,78.46,43.21,580.0
4707,197,3,29.4,75.02,44.54,574.6
4708,197,4,29.59,72.78,,555.6
4709,197,5,30.32,74.83,46.78,553.7
4710,197,6,30.65,75.07,46.07,541.8
4711,197,7,30.18,72.13,43.62,516.3
4712,197,8,30.35,78.64,44.89,521.1
4713,197,9,29.17,79.69,45.22,562.4
4714,197,10,28.06,81.14,45.69,579.7
4715,197,11,27.98,,50.05,602.0
4716,197,12,27.27,82.91,50.65,598.5
4717,197,13,25.88,87.7,54.21,640.5
4718,197,14,24.95,92.12,51.62,648.6
4719,197,15,24.09,94.43,57.79,706.6
4720,197,16,21.98,95.6,57.12,712.5
4721,197,17,21.32,96.65,58.51,724.3
4722,197,18,21.4,99.26,59.85,789.7
4723,197,19,21.56,100.0,58.08,776.0
4724,197,20,22.29,99.13,58.84,752.5
4725,197,21,,99.84,59.36,749.4
4726,197,22,24.28,96.38,56.4,678.8
4727,197,23,24.75,91.18,53.54,686.8
4728,198,0,26.07,88.01,52.3,680.9
4729,198,1,27.02,80.09,50.76,659.4
4730,198,2,27.99,77.69,52.36,541.1
4731,198,3,28.76,70.34,52.46,518.2
4732,198,4,30.62,65.77,51.11,
4733,198,5,29.76,59.38,51.43,503.4
4734,198,6,29.81,60.09,46.63,531.4
4735,198,7,29.8,67.04,45.44,546.1
4736,198,8,29.11,69.02,46.45,527.4
4737,198,9,29.08,74.12,49.29,587.9
4738,198,10,28.7,84.74,50.28,604.0
4739,198,11,27.66,89.13,53.91,677.2
4740,198,12,26.46,90.18,56.16,707.4
4741,198,13,25.37,91.99,55.57,743.8
4742,198,14,24.36,95.67,55.78,753.1
4743,198,15,23.51,96.94,57.02,807.9
4744,198,16,22.81,97.93,56.32,832.6
4745,198,17,22.57,100.0,59.48,870.1
4746,198,18,22.82,100.0,56.82,864.3
4747,198,19,22.27,100.0,57.01,846.3
4748,198,20,22.21,97.04,57.75,838.4
4749,198,21,22.13,93.83,56.05,844.1
4750,198,22,23.7,,53.8,829.6
4751,198,23,24.94,93.37,52.49,787.6
4752,199,0,26.33,97.51,52.92,695.5
4753,199,1,26.68,91.19,50.59,
4754,199,2,28.7,85.57,47.31,606.7
4755,199,3,29.18,83.72,48.84,581.6
4756,199,4,29.93,78.64,48.83,558.6
4757,199,5,30.76,76.38,50.21,510.7
4758,199,6,30.32,74.39,51.18,520.8
4759,199,7,29.94,66.98,55.15,581.6
4760,199,8,29.71,69.74,56.87,580.1
4761,199,9,30.56,72.32,55.02,614.6
4762,199,10,29.63,79.96,56.0,692.4
4763,199,11,29.24,83.77,55.05,729.0
4764,199,12,28.47,84.04,54.57,728.9
4765,199,13,27.22,87.74,52.32,755.5
4766,199,14,25.41,85.7,52.58,786.8
4767,199,15,24.93,86.46,54.44,837.4
4768,199,16,23.29,92.33,,872.9
4769,199,17,23.64,94.24,52.85,799.3
4770,199,18,23.4,,50.04,778.5
4771,199,19,22.03,92.86,54.53,772.8
4772,199,20,22.38,91.91,54.71,735.9
4773,199,21,23.47,89.31,52.3,628.5
4774,199,22,24.22,90.31,52.45,603.0
4775,199,23,25.6,89.45,55.82,591.5
4776,200,0,26.18,87.91,55.55,562.2
4777,200,1,26.63,88.78,,520.9
4778,200,2,27.74,83.62,52.79,509.2
4779,200,3,28.74,84.27,47.78,506.6
4780,200,4,29.32,78.05,46.68,486.1
4781,200,5,30.46,73.06,44.0,518.9
4782,200,6,30.15,74.99,42.6,520.0
4783,200,7,30.24,70.87,43.64,505.3
4784,200,8,29.9,74.52,40.15,495.0
4785,200,9,28.5,77.39,41.25,517.9
4786,200,10,27.18,83.83,44.96,579.2
4787,200,11,26.48,86.99,44.54,590.7
4788,200,12,26.65,90.82,43.24,642.4
4789,200,13,25.87,96.01,44.67,678.4
4790,200,14,23.96,97.26,45.6,759.1
4791,200,15,21.69,98.16,45.87,787.8
4792,200,16,21.81,100.0,44.83,783.0
4793,200,17,21.61,100.0,47.13,810.5
4794,200,18,22.25,100.0,49.13,828.7
4795,200,19,22.0,100.0,47.34,807.3
4796,200,20,22.7,100.0,45.74,761.5
4797,200,21,23.82,100.0,46.14,756.2
4798,200,22,24.4,96.71,44.05,731.2
4799,200,23,25.17,87.94,44.23,662.6
